user_id,restaurant_id,rating
314,409,5.0
869,424,4.0
368,32,4.0
429,472,4.0
830,28,5.0
807,206,4.0
480,493,5.0
314,387,4.0
500,228,4.0
721,128,5.0
355,255,4.0
485,475,4.0
211,212,4.0
704,239,4.0
44,207,4.0
541,318,4.0
571,283,4.0
583,245,4.0
92,45,4.0
265,105,4.0
895,348,4.0
220,281,5.0
902,234,4.0
925,189,4.0
442,44,4.0
401,494,4.0
400,225,4.0
727,430,5.0
991,142,4.0
899,136,4.0
789,176,4.0
576,142,4.0
858,449,4.0
804,80,4.0
490,82,4.0
485,135,5.0
757,207,4.0
470,344,4.0
574,177,4.0
938,383,4.0
844,243,4.0
682,55,4.0
445,141,4.0
269,457,4.0
267,440,4.0
54,56,5.0
528,15,4.0
520,185,4.0
616,314,4.0
59,419,4.0
825,88,4.0
40,97,4.0
237,144,4.0
955,8,4.0
386,477,4.0
606,215,4.0
734,173,4.0
716,223,4.0
650,40,4.0
300,497,4.0
395,182,4.0
207,270,4.0
336,187,4.0
593,245,5.0
730,478,4.0
514,309,4.0
178,231,4.0
396,383,5.0
371,155,4.0
858,175,4.0
791,336,4.0
658,115,4.0
318,390,4.0
736,311,4.0
369,481,5.0
384,300,4.0
62,18,4.0
806,272,4.0
505,12,4.0
239,404,4.0
195,301,5.0
678,192,4.0
963,232,4.0
222,443,4.0
61,93,4.0
129,478,4.0
990,218,4.0
685,278,5.0
992,353,5.0
156,487,4.0
917,303,4.0
378,29,4.0
622,470,4.0
781,301,4.0
923,77,4.0
868,9,4.0
903,24,4.0
790,15,4.0
586,164,5.0
999,13,4.0
437,347,4.0
975,172,4.0
207,357,4.0
388,327,4.0
480,200,4.0
791,485,4.0
887,489,4.0
838,462,4.0
984,378,4.0
340,76,4.0
869,164,4.0
340,372,4.0
204,61,5.0
161,488,4.0
540,465,4.0
392,424,4.0
769,245,4.0
677,477,5.0
575,382,4.0
534,155,4.0
70,257,5.0
893,244,5.0
405,162,4.0
608,68,4.0
675,344,4.0
591,277,4.0
517,161,4.0
828,391,4.0
120,449,4.0
814,489,5.0
690,259,4.0
688,492,4.0
902,307,4.0
217,335,5.0
56,95,5.0
366,438,4.0
699,464,5.0
504,458,4.0
744,246,4.0
767,221,4.0
925,123,4.0
455,187,5.0
104,262,4.0
77,413,4.0
230,273,5.0
914,373,4.0
258,60,4.0
264,406,4.0
331,408,4.0
993,125,4.0
182,337,4.0
893,341,4.0
768,51,4.0
550,178,5.0
688,139,5.0
27,440,4.0
276,327,4.0
652,170,4.0
299,39,4.0
957,69,4.0
799,236,4.0
91,48,5.0
480,381,4.0
573,57,4.0
458,277,5.0
451,338,4.0
365,99,4.0
859,404,4.0
675,15,4.0
351,325,5.0
655,461,4.0
400,179,4.0
253,332,4.0
781,62,5.0
881,119,4.0
803,469,4.0
459,37,4.0
699,134,4.0
917,455,4.0
499,26,5.0
950,490,4.0
971,496,4.0
926,8,4.0
508,457,4.0
304,475,4.0
501,4,5.0
803,21,5.0
598,415,4.0
166,149,4.0
415,488,5.0
462,25,4.0
920,487,5.0
114,143,4.0
433,245,4.0
992,419,4.0
356,433,4.0
928,43,4.0
695,425,4.0
207,293,4.0
768,185,4.0
235,42,5.0
442,431,4.0
355,92,4.0
515,317,4.0
208,398,4.0
709,324,4.0
853,53,4.0
125,84,4.0
138,34,4.0
339,76,5.0
537,353,4.0
68,408,4.0
573,404,4.0
541,197,4.0
383,486,4.0
19,286,4.0
683,88,5.0
450,235,4.0
74,232,4.0
573,7,4.0
939,292,5.0
665,38,4.0
276,464,4.0
48,52,5.0
211,143,5.0
855,430,5.0
920,407,5.0
651,396,4.0
622,221,4.0
994,428,4.0
695,240,5.0
540,143,4.0
709,349,4.0
191,493,4.0
315,363,4.0
901,382,4.0
563,49,4.0
661,277,4.0
780,271,5.0
562,14,4.0
900,298,5.0
758,492,4.0
113,464,4.0
170,15,4.0
468,234,4.0
678,63,5.0
921,196,5.0
14,27,5.0
715,471,4.0
288,93,4.0
907,105,4.0
189,309,5.0
914,52,5.0
155,319,4.0
567,457,4.0
694,181,4.0
722,57,5.0
888,120,4.0
471,308,4.0
75,363,4.0
277,43,4.0
940,135,4.0
645,373,5.0
343,426,4.0
425,260,4.0
571,197,4.0
511,133,4.0
857,459,4.0
182,255,4.0
458,489,4.0
918,220,4.0
851,336,4.0
833,41,4.0
64,478,4.0
839,388,4.0
260,255,4.0
193,2,4.0
655,494,4.0
616,195,4.0
972,242,4.0
406,149,4.0
726,198,4.0
754,299,4.0
943,245,4.0
721,338,4.0
93,108,4.0
430,453,4.0
654,393,4.0
434,212,4.0
404,156,5.0
434,26,4.0
112,82,5.0
929,83,4.0
375,131,4.0
59,329,4.0
43,100,4.0
207,256,4.0
780,479,4.0
296,49,4.0
118,401,4.0
532,63,4.0
222,311,4.0
166,407,4.0
643,290,4.0
156,105,4.0
184,105,4.0
90,325,4.0
94,15,5.0
13,175,4.0
973,259,5.0
834,211,4.0
805,412,4.0
945,259,4.0
742,102,4.0
834,260,4.0
804,344,5.0
438,159,5.0
538,45,4.0
587,443,5.0
968,301,4.0
876,251,4.0
936,331,4.0
811,165,5.0
150,193,4.0
660,9,4.0
8,401,5.0
29,374,4.0
296,65,4.0
986,387,4.0
926,495,4.0
721,282,4.0
640,181,4.0
340,415,4.0
628,282,4.0
439,279,4.0
144,30,4.0
942,266,4.0
830,328,4.0
747,492,4.0
519,217,4.0
976,320,4.0
45,406,4.0
955,399,5.0
239,379,5.0
952,105,4.0
944,184,4.0
155,330,4.0
181,148,4.0
215,105,4.0
88,47,4.0
256,87,4.0
511,309,4.0
73,437,4.0
931,129,5.0
179,258,4.0
212,314,5.0
805,147,4.0
234,446,4.0
465,462,4.0
751,72,4.0
223,486,5.0
631,140,4.0
825,410,5.0
264,27,4.0
207,29,4.0
607,271,5.0
885,174,4.0
734,253,5.0
366,385,5.0
276,60,5.0
380,107,4.0
743,220,4.0
309,441,4.0
631,259,4.0
268,371,4.0
945,146,4.0
785,52,4.0
64,60,4.0
810,34,4.0
350,96,4.0
925,477,5.0
915,89,4.0
494,316,4.0
523,410,5.0
98,231,4.0
946,456,4.0
71,275,4.0
364,246,4.0
570,111,4.0
802,234,5.0
763,278,4.0
276,477,5.0
50,417,4.0
358,166,4.0
728,128,4.0
906,237,4.0
928,494,4.0
564,291,4.0
783,107,4.0
485,128,4.0
84,195,4.0
899,339,5.0
805,394,4.0
638,475,5.0
808,143,4.0
584,395,5.0
296,111,4.0
236,90,5.0
56,251,4.0
919,280,4.0
360,333,4.0
907,224,4.0
110,101,4.0
192,132,4.0
904,13,4.0
93,457,4.0
862,441,5.0
568,497,5.0
60,98,4.0
650,120,4.0
39,293,5.0
540,304,4.0
49,199,4.0
420,1,4.0
637,60,5.0
13,250,5.0
992,140,5.0
36,149,4.0
101,395,4.0
794,44,4.0
86,371,4.0
516,186,4.0
223,108,4.0
338,44,5.0
960,78,4.0
166,226,4.0
383,162,4.0
856,281,4.0
895,253,4.0
376,132,4.0
471,448,4.0
790,372,4.0
642,375,4.0
31,474,4.0
375,144,4.0
11,266,4.0
988,109,5.0
302,194,4.0
96,35,4.0
190,467,4.0
453,390,4.0
192,275,5.0
486,187,4.0
266,437,4.0
424,500,4.0
128,243,4.0
238,264,5.0
920,462,4.0
355,10,4.0
940,451,4.0
112,166,4.0
828,29,4.0
446,271,5.0
343,87,4.0
145,23,4.0
65,210,5.0
247,46,4.0
735,467,4.0
991,28,4.0
490,26,4.0
825,266,4.0
439,175,4.0
106,4,5.0
181,311,4.0
184,322,4.0
226,67,4.0
777,135,4.0
790,55,4.0
909,464,4.0
89,31,4.0
688,74,4.0
530,19,4.0
371,156,4.0
972,337,5.0
936,156,5.0
913,147,4.0
399,485,4.0
106,87,5.0
271,20,4.0
975,269,4.0
831,333,4.0
503,43,4.0
679,395,4.0
525,432,4.0
849,399,4.0
32,401,4.0
393,438,4.0
40,306,4.0
660,28,4.0
218,467,4.0
731,260,4.0
981,22,4.0
82,470,4.0
845,375,4.0
720,101,4.0
201,39,4.0
447,290,4.0
844,353,5.0
428,300,4.0
38,170,5.0
211,296,4.0
444,353,4.0
327,396,5.0
761,130,4.0
227,156,4.0
48,74,4.0
18,342,5.0
912,465,5.0
439,90,4.0
807,67,4.0
708,455,5.0
187,236,4.0
345,200,4.0
224,468,4.0
830,332,4.0
488,227,4.0
909,465,4.0
877,348,4.0
849,233,4.0
229,266,4.0
390,86,4.0
979,102,4.0
589,441,4.0
188,481,5.0
858,214,4.0
270,108,4.0
607,165,4.0
310,461,4.0
132,91,5.0
551,192,4.0
72,335,4.0
793,86,4.0
845,222,4.0
672,363,4.0
187,424,4.0
486,101,4.0
191,226,4.0
422,364,5.0
120,60,4.0
220,482,4.0
53,250,4.0
734,48,5.0
451,117,4.0
412,227,5.0
643,362,4.0
237,403,4.0
758,456,5.0
738,487,4.0
720,33,4.0
406,44,4.0
608,476,5.0
422,165,4.0
712,368,5.0
247,345,4.0
72,292,4.0
830,337,4.0
185,344,4.0
6,405,4.0
206,386,4.0
544,287,4.0
611,364,4.0
906,225,4.0
387,286,4.0
768,204,4.0
699,172,4.0
76,12,4.0
177,307,4.0
827,121,5.0
799,433,4.0
349,244,4.0
255,152,4.0
837,152,4.0
702,188,4.0
308,395,4.0
345,13,4.0
127,91,4.0
937,200,5.0
287,74,4.0
766,256,4.0
725,456,4.0
762,448,4.0
596,276,4.0
487,328,4.0
383,329,5.0
406,71,4.0
388,78,4.0
525,284,4.0
557,130,4.0
639,377,4.0
938,43,4.0
626,8,4.0
945,13,4.0
276,213,4.0
500,111,5.0
717,476,4.0
337,291,4.0
950,23,5.0
932,302,5.0
481,254,5.0
897,15,4.0
911,130,5.0
973,61,4.0
273,115,4.0
920,460,4.0
58,320,5.0
328,308,4.0
731,420,4.0
109,451,4.0
279,325,4.0
686,67,5.0
328,249,4.0
776,175,4.0
315,339,5.0
474,2,4.0
111,172,4.0
699,485,5.0
781,448,4.0
935,465,5.0
229,334,4.0
497,284,4.0
156,475,4.0
473,54,4.0
701,458,4.0
272,67,4.0
887,420,5.0
2,102,4.0
758,120,4.0
722,191,4.0
511,409,4.0
913,470,4.0
286,304,4.0
871,423,4.0
13,47,4.0
608,222,4.0
498,21,4.0
733,158,5.0
238,348,4.0
94,159,4.0
338,377,4.0
781,372,5.0
171,410,5.0
981,235,4.0
606,150,4.0
661,405,5.0
624,257,5.0
567,165,5.0
849,77,5.0
936,85,4.0
467,46,4.0
628,393,5.0
143,401,4.0
201,47,4.0
180,213,4.0
714,479,4.0
364,487,4.0
479,59,5.0
565,54,4.0
471,342,4.0
384,12,4.0
692,192,4.0
926,6,4.0
417,309,4.0
825,144,5.0
308,346,4.0
649,261,4.0
694,73,4.0
367,174,4.0
1,232,4.0
44,270,4.0
739,428,4.0
843,447,4.0
98,362,4.0
720,222,4.0
265,52,5.0
800,116,4.0
783,26,5.0
140,53,4.0
481,365,4.0
237,29,4.0
974,19,4.0
953,303,4.0
904,392,4.0
72,279,5.0
667,117,5.0
190,106,5.0
268,419,4.0
321,479,5.0
107,309,4.0
232,227,4.0
42,352,5.0
702,186,4.0
883,261,4.0
139,16,4.0
615,273,5.0
683,160,4.0
863,358,5.0
273,250,5.0
481,224,4.0
416,256,4.0
506,180,4.0
733,20,4.0
725,112,4.0
853,120,4.0
424,194,5.0
407,468,4.0
568,111,5.0
390,210,5.0
342,1,4.0
946,58,4.0
614,93,4.0
933,221,5.0
493,211,4.0
192,428,4.0
499,232,4.0
822,262,4.0
712,364,4.0
233,103,4.0
945,50,4.0
227,374,4.0
371,110,4.0
139,456,5.0
856,88,4.0
817,20,5.0
149,14,4.0
115,133,4.0
450,425,4.0
63,296,4.0
104,34,4.0
851,380,4.0
871,208,5.0
668,301,5.0
273,199,4.0
6,80,5.0
147,71,4.0
184,155,4.0
998,78,4.0
28,78,5.0
962,172,5.0
550,289,5.0
119,33,4.0
293,300,4.0
371,276,5.0
244,367,4.0
580,420,4.0
726,7,4.0
218,160,4.0
177,240,4.0
299,451,4.0
676,423,4.0
58,477,4.0
269,24,4.0
308,214,4.0
570,70,4.0
288,368,4.0
977,216,4.0
105,104,4.0
228,215,5.0
247,54,5.0
700,294,4.0
494,330,4.0
83,336,5.0
186,203,4.0
252,288,4.0
355,45,4.0
750,317,4.0
872,198,4.0
696,216,4.0
796,481,5.0
897,309,4.0
938,384,4.0
210,435,4.0
816,332,4.0
808,184,4.0
609,27,4.0
447,166,4.0
460,318,4.0
968,274,4.0
472,383,4.0
720,365,4.0
370,103,4.0
900,448,4.0
934,333,4.0
492,373,4.0
923,104,4.0
137,414,4.0
367,245,4.0
912,305,4.0
184,169,4.0
588,116,4.0
287,141,4.0
472,418,4.0
375,356,4.0
654,478,4.0
749,125,4.0
537,25,4.0
511,194,4.0
802,384,4.0
579,100,4.0
250,402,4.0
920,5,4.0
510,19,5.0
630,170,5.0
73,274,4.0
282,254,5.0
916,121,4.0
960,32,5.0
360,149,4.0
10,266,4.0
211,37,4.0
835,177,5.0
152,342,4.0
5,13,5.0
195,183,5.0
954,145,5.0
283,265,5.0
464,88,4.0
113,428,4.0
271,462,5.0
163,46,5.0
460,392,4.0
105,119,4.0
693,421,4.0
556,19,4.0
282,447,4.0
687,220,4.0
162,430,4.0
983,233,5.0
351,94,5.0
434,455,5.0
852,251,4.0
140,250,4.0
471,282,4.0
132,232,4.0
87,46,5.0
688,374,4.0
183,46,4.0
368,459,4.0
129,14,4.0
246,85,4.0
601,319,4.0
578,328,5.0
670,3,4.0
899,28,4.0
378,381,4.0
149,157,4.0
985,343,5.0
852,402,4.0
433,419,4.0
628,333,4.0
726,332,4.0
469,175,5.0
446,114,4.0
481,389,4.0
884,487,5.0
294,331,4.0
765,250,4.0
143,59,4.0
250,203,4.0
878,315,5.0
948,239,4.0
975,234,4.0
302,303,4.0
25,95,4.0
789,479,4.0
984,141,4.0
889,334,4.0
890,113,4.0
901,109,5.0
70,362,5.0
625,345,4.0
875,289,4.0
112,97,4.0
364,446,4.0
303,335,5.0
471,16,4.0
964,44,5.0
91,442,4.0
530,376,4.0
661,230,5.0
988,390,4.0
739,108,4.0
726,217,4.0
872,399,4.0
663,260,4.0
192,312,4.0
963,320,5.0
552,196,4.0
242,478,4.0
138,418,5.0
345,475,4.0
180,95,4.0
712,56,4.0
503,32,5.0
203,492,4.0
573,231,4.0
192,372,4.0
5,9,4.0
890,191,4.0
237,361,4.0
693,200,4.0
311,334,5.0
549,161,5.0
56,87,4.0
443,21,5.0
237,311,4.0
870,76,4.0
861,441,4.0
197,386,4.0
585,141,4.0
571,126,4.0
752,251,4.0
514,388,4.0
449,84,5.0
360,434,4.0
700,371,4.0
819,48,5.0
30,379,4.0
779,78,4.0
988,30,4.0
108,285,4.0
844,136,4.0
935,140,4.0
602,41,4.0
717,486,4.0
891,282,4.0
968,50,4.0
959,258,4.0
960,311,4.0
445,360,4.0
893,440,5.0
438,270,4.0
732,134,4.0
890,234,5.0
606,128,5.0
457,104,4.0
615,254,4.0
735,95,5.0
698,337,4.0
981,217,5.0
696,61,4.0
495,480,4.0
674,268,4.0
247,241,5.0
543,13,4.0
564,147,4.0
857,428,4.0
588,240,4.0
897,89,4.0
439,95,5.0
278,315,4.0
552,293,4.0
613,25,4.0
111,272,4.0
385,166,5.0
833,427,4.0
761,497,4.0
191,250,4.0
490,87,4.0
694,142,4.0
426,134,4.0
405,473,4.0
335,279,4.0
209,126,5.0
22,316,4.0
678,491,5.0
611,396,4.0
208,141,4.0
8,356,4.0
702,103,4.0
687,226,4.0
785,390,5.0
529,63,4.0
602,294,4.0
653,384,4.0
657,306,4.0
166,254,4.0
849,180,5.0
496,40,4.0
590,264,4.0
429,189,4.0
774,8,5.0
163,104,4.0
366,225,4.0
526,34,4.0
239,236,4.0
72,463,4.0
445,228,4.0
655,188,4.0
822,313,4.0
509,483,4.0
795,430,4.0
269,22,4.0
753,343,4.0
415,40,4.0
245,173,5.0
675,439,5.0
60,179,4.0
6,86,4.0
709,133,4.0
982,351,4.0
570,13,4.0
817,28,4.0
407,84,5.0
217,481,4.0
930,464,4.0
26,318,5.0
815,349,4.0
5,343,4.0
986,280,4.0
532,354,5.0
390,263,5.0
710,166,4.0
571,293,4.0
448,68,4.0
754,226,4.0
146,170,5.0
388,86,4.0
785,133,4.0
249,448,4.0
526,178,4.0
462,490,4.0
13,343,4.0
903,252,4.0
384,15,4.0
556,223,4.0
887,379,4.0
399,201,5.0
19,107,4.0
575,250,4.0
491,437,4.0
751,409,4.0
419,89,4.0
337,125,5.0
419,113,4.0
915,469,5.0
916,137,4.0
612,247,4.0
675,496,5.0
928,166,4.0
122,150,4.0
432,363,4.0
44,343,4.0
872,433,4.0
920,68,4.0
317,221,4.0
381,271,4.0
145,321,5.0
327,310,5.0
363,414,5.0
50,349,4.0
65,20,4.0
355,289,5.0
800,489,4.0
164,492,5.0
141,100,4.0
966,252,4.0
826,470,4.0
128,77,5.0
398,135,4.0
933,392,4.0
880,412,5.0
463,173,4.0
751,363,5.0
836,201,4.0
808,217,4.0
187,376,5.0
720,208,4.0
732,74,4.0
912,11,4.0
190,287,4.0
388,256,4.0
429,12,4.0
858,380,5.0
284,479,5.0
864,78,4.0
237,435,4.0
194,172,4.0
287,96,4.0
771,306,4.0
758,373,4.0
136,273,4.0
792,419,4.0
783,385,4.0
171,413,5.0
159,179,5.0
201,64,4.0
487,132,5.0
557,343,4.0
962,412,5.0
776,272,4.0
583,319,5.0
504,332,4.0
876,437,4.0
371,341,4.0
103,109,4.0
125,273,4.0
313,168,4.0
976,397,5.0
995,180,4.0
798,58,4.0
458,480,4.0
230,421,4.0
658,498,5.0
882,79,5.0
197,460,4.0
885,61,4.0
733,369,4.0
423,121,4.0
572,207,4.0
610,34,4.0
171,70,4.0
382,17,4.0
173,496,4.0
663,497,5.0
453,20,4.0
350,457,5.0
902,315,4.0
952,69,4.0
634,215,4.0
494,161,5.0
620,102,4.0
4,376,5.0
93,206,4.0
919,145,4.0
6,57,5.0
288,83,4.0
618,481,5.0
146,385,4.0
783,269,4.0
424,494,5.0
890,411,4.0
608,454,4.0
457,187,5.0
741,6,4.0
202,353,5.0
212,350,4.0
6,110,4.0
624,483,4.0
376,407,4.0
891,138,4.0
447,51,4.0
835,403,4.0
106,51,4.0
651,476,4.0
811,87,4.0
401,68,4.0
96,84,4.0
388,467,4.0
959,42,4.0
452,219,4.0
849,57,4.0
809,226,4.0
979,196,4.0
901,248,4.0
416,166,4.0
726,62,4.0
504,263,4.0
454,112,4.0
291,253,4.0
534,199,5.0
193,178,4.0
980,436,4.0
150,26,4.0
880,410,4.0
759,246,4.0
779,19,4.0
973,265,4.0
763,317,5.0
515,20,4.0
393,106,4.0
316,237,4.0
76,306,4.0
599,464,4.0
270,246,4.0
225,81,4.0
530,150,4.0
113,397,4.0
251,396,4.0
233,10,4.0
841,321,5.0
791,224,5.0
714,414,4.0
83,264,5.0
125,149,4.0
175,278,5.0
69,274,4.0
47,194,4.0
884,432,4.0
256,172,4.0
727,265,4.0
30,451,4.0
281,310,4.0
924,26,4.0
994,469,4.0
237,350,4.0
248,476,4.0
368,356,4.0
495,26,5.0
25,34,4.0
586,264,4.0
718,138,5.0
490,304,4.0
494,183,4.0
314,363,5.0
606,242,4.0
375,54,4.0
639,462,4.0
937,168,4.0
25,119,4.0
334,143,4.0
355,81,4.0
116,245,4.0
48,402,5.0
738,352,5.0
778,358,4.0
99,407,4.0
459,62,5.0
523,46,5.0
597,87,4.0
405,99,4.0
214,295,4.0
685,399,5.0
903,53,5.0
503,472,4.0
721,192,5.0
448,447,4.0
894,476,4.0
576,80,5.0
258,16,5.0
844,360,4.0
121,487,4.0
810,326,4.0
978,194,4.0
54,141,4.0
331,108,4.0
784,303,4.0
241,265,4.0
755,447,5.0
530,290,4.0
483,209,4.0
187,475,4.0
858,413,5.0
656,165,4.0
262,427,5.0
953,342,4.0
364,371,4.0
491,320,4.0
431,152,4.0
239,455,4.0
304,290,5.0
298,432,4.0
76,268,4.0
700,151,4.0
333,207,4.0
900,255,4.0
999,353,4.0
758,377,4.0
642,141,4.0
474,343,4.0
827,358,4.0
923,96,4.0
283,429,4.0
591,370,4.0
72,227,4.0
263,193,4.0
703,303,4.0
879,314,4.0
887,493,4.0
942,389,4.0
575,377,4.0
1000,461,4.0
892,118,5.0
12,5,4.0
141,444,4.0
766,352,5.0
555,243,4.0
17,21,5.0
63,152,4.0
253,128,4.0
465,124,5.0
376,146,4.0
804,277,4.0
981,310,4.0
520,394,4.0
837,152,4.0
90,360,4.0
720,111,5.0
804,469,5.0
796,473,4.0
630,116,4.0
861,188,4.0
175,57,4.0
76,251,5.0
613,384,5.0
926,407,5.0
663,150,4.0
400,452,4.0
782,162,5.0
970,120,4.0
71,70,4.0
180,412,4.0
124,351,5.0
381,99,4.0
293,167,4.0
797,298,4.0
195,151,4.0
911,326,5.0
228,464,4.0
431,2,4.0
942,152,4.0
436,401,4.0
787,365,4.0
461,65,4.0
618,326,4.0
21,69,4.0
64,121,5.0
165,109,5.0
27,316,4.0
311,247,4.0
285,434,4.0
660,93,4.0
281,268,4.0
838,103,5.0
831,431,4.0
164,451,4.0
898,112,4.0
918,321,4.0
224,411,5.0
784,304,4.0
146,344,4.0
965,62,4.0
950,300,4.0
868,403,4.0
30,443,4.0
45,136,4.0
787,55,5.0
471,108,4.0
34,303,4.0
653,258,4.0
427,253,4.0
830,222,4.0
886,478,4.0
221,369,4.0
868,167,4.0
534,429,4.0
692,160,4.0
948,449,5.0
367,166,5.0
932,205,4.0
841,267,4.0
743,138,4.0
915,368,4.0
550,443,4.0
582,346,4.0
116,248,5.0
239,55,4.0
335,404,4.0
441,209,4.0
148,17,5.0
9,68,4.0
288,133,5.0
388,188,4.0
50,407,5.0
850,430,4.0
517,308,4.0
916,138,4.0
855,174,4.0
638,412,4.0
587,97,4.0
677,171,4.0
278,154,4.0
954,183,4.0
836,242,4.0
989,304,4.0
300,285,4.0
802,27,4.0
589,402,4.0
810,360,4.0
649,60,5.0
618,202,5.0
607,250,4.0
135,362,5.0
580,69,4.0
147,458,4.0
490,370,4.0
478,21,4.0
159,152,4.0
384,102,4.0
163,387,4.0
441,488,4.0
853,95,4.0
189,446,4.0
415,361,4.0
339,229,4.0
607,125,5.0
181,258,4.0
288,322,4.0
834,487,5.0
187,369,5.0
884,426,5.0
138,236,4.0
130,162,4.0
194,42,4.0
316,276,5.0
984,353,5.0
785,68,4.0
864,173,4.0
144,492,5.0
16,331,4.0
302,125,4.0
423,170,4.0
245,47,4.0
927,261,4.0
107,217,4.0
88,305,4.0
129,124,4.0
907,293,4.0
887,162,4.0
341,201,4.0
4,454,4.0
327,402,4.0
410,462,5.0
879,275,4.0
306,206,4.0
908,40,4.0
607,273,4.0
721,188,5.0
225,355,4.0
971,93,5.0
348,42,5.0
992,465,4.0
321,379,5.0
559,107,4.0
988,328,4.0
181,65,4.0
618,365,4.0
711,309,5.0
386,484,4.0
618,135,4.0
792,494,4.0
772,389,4.0
108,24,4.0
531,28,4.0
410,62,5.0
971,491,4.0
296,273,4.0
818,229,4.0
171,20,4.0
331,3,4.0
493,421,4.0
195,218,4.0
12,399,4.0
195,307,4.0
490,432,4.0
795,136,4.0
881,397,4.0
182,432,5.0
962,3,5.0
817,193,4.0
656,73,5.0
898,415,4.0
316,361,4.0
694,118,4.0
30,154,5.0
596,209,4.0
678,440,5.0
796,34,4.0
793,137,5.0
96,318,4.0
381,120,4.0
778,115,4.0
444,13,4.0
298,69,4.0
808,425,4.0
737,333,4.0
845,257,4.0
361,89,4.0
374,47,5.0
554,260,4.0
303,228,4.0
421,447,5.0
246,180,4.0
720,10,4.0
237,284,4.0
534,377,4.0
185,126,4.0
468,134,5.0
754,155,4.0
363,248,4.0
283,140,4.0
553,318,4.0
336,436,4.0
162,176,5.0
160,323,5.0
474,174,4.0
601,481,5.0
322,74,4.0
12,351,5.0
424,143,4.0
73,455,4.0
588,292,4.0
858,398,4.0
201,112,4.0
522,206,4.0
864,131,4.0
505,369,4.0
738,110,4.0
688,370,4.0
788,67,4.0
39,382,4.0
60,86,4.0
578,275,4.0
321,227,4.0
435,460,4.0
636,438,4.0
676,325,4.0
408,10,4.0
923,489,4.0
386,417,4.0
671,397,4.0
569,384,4.0
78,355,4.0
194,435,4.0
285,288,4.0
527,459,4.0
524,112,4.0
613,486,4.0
156,24,4.0
340,291,5.0
125,339,4.0
871,326,4.0
280,168,4.0
917,438,4.0
906,109,4.0
622,428,4.0
846,190,4.0
869,490,4.0
658,355,4.0
728,196,4.0
910,33,4.0
674,205,4.0
128,312,4.0
314,420,4.0
332,182,4.0
150,491,4.0
454,147,4.0
36,427,5.0
685,268,5.0
420,11,4.0
22,70,4.0
206,256,4.0
639,396,4.0
848,219,5.0
957,297,5.0
356,409,4.0
440,362,4.0
729,259,4.0
96,3,5.0
929,84,4.0
941,156,5.0
164,151,4.0
148,176,4.0
530,195,4.0
294,426,4.0
195,472,4.0
663,107,4.0
480,424,4.0
877,134,4.0
123,276,4.0
400,395,4.0
699,352,5.0
965,380,4.0
452,155,4.0
661,277,4.0
104,236,4.0
755,240,4.0
462,370,5.0
743,13,4.0
991,342,4.0
718,35,4.0
710,47,4.0
396,214,5.0
912,412,5.0
337,405,4.0
599,494,5.0
142,146,4.0
317,159,4.0
711,444,4.0
558,125,5.0
800,110,5.0
527,37,4.0
556,277,4.0
401,14,5.0
681,473,5.0
310,347,4.0
495,232,4.0
556,316,4.0
610,124,4.0
773,279,4.0
109,479,4.0
795,111,4.0
372,124,4.0
855,413,4.0
616,431,4.0
768,30,4.0
891,115,4.0
206,90,4.0
847,212,4.0
43,38,4.0
865,83,4.0
245,27,4.0
287,217,5.0
355,360,4.0
785,486,4.0
476,372,5.0
83,215,4.0
110,221,4.0
950,15,5.0
190,443,4.0
983,259,4.0
800,266,4.0
936,463,4.0
909,120,4.0
251,464,4.0
724,401,5.0
291,128,4.0
645,211,4.0
201,11,4.0
797,176,4.0
326,133,4.0
511,325,4.0
409,320,4.0
607,14,4.0
790,50,4.0
962,410,4.0
941,72,4.0
837,69,4.0
508,391,4.0
731,383,5.0
601,16,4.0
72,439,4.0
247,334,4.0
641,357,4.0
724,56,4.0
940,105,4.0
855,132,4.0
608,484,4.0
587,48,4.0
935,248,5.0
566,273,5.0
344,111,4.0
971,420,4.0
925,326,4.0
54,336,4.0
730,349,5.0
528,484,4.0
611,38,4.0
532,357,4.0
558,240,5.0
963,318,4.0
193,121,4.0
895,48,4.0
58,10,5.0
437,233,4.0
111,36,4.0
129,413,4.0
849,462,4.0
706,4,4.0
925,44,4.0
852,56,4.0
326,42,5.0
8,255,5.0
29,228,4.0
112,114,4.0
947,237,4.0
673,397,4.0
131,174,4.0
188,255,4.0
675,466,4.0
709,417,4.0
475,277,4.0
364,464,4.0
204,335,4.0
212,441,4.0
621,69,4.0
276,326,4.0
73,230,4.0
679,67,4.0
772,304,5.0
243,460,4.0
787,484,5.0
102,417,4.0
987,36,4.0
685,417,4.0
171,159,4.0
653,149,5.0
909,27,4.0
188,475,4.0
441,72,5.0
86,248,4.0
476,101,5.0
52,190,4.0
111,96,4.0
949,384,5.0
877,282,4.0
854,322,4.0
43,396,4.0
211,278,4.0
968,17,4.0
200,263,4.0
810,107,4.0
858,68,4.0
752,128,4.0
627,293,4.0
26,294,4.0
919,96,5.0
299,395,4.0
77,1,4.0
924,409,4.0
137,298,4.0
20,180,4.0
440,408,4.0
211,181,4.0
752,235,5.0
551,440,4.0
435,319,4.0
780,337,4.0
207,8,5.0
991,443,4.0
439,429,5.0
974,27,5.0
779,308,4.0
666,146,4.0
42,91,5.0
411,342,4.0
523,272,4.0
806,322,4.0
610,5,5.0
427,82,4.0
275,387,4.0
448,219,4.0
902,118,4.0
942,81,4.0
884,464,4.0
742,70,4.0
369,115,4.0
938,263,4.0
220,306,4.0
577,142,4.0
867,422,4.0
232,488,5.0
328,207,4.0
443,111,4.0
52,303,4.0
886,112,4.0
943,417,4.0
376,43,4.0
263,347,5.0
267,285,4.0
359,128,4.0
317,185,5.0
324,229,4.0
921,389,5.0
908,221,5.0
666,352,4.0
870,444,5.0
878,117,4.0
652,70,4.0
939,386,4.0
563,70,4.0
629,110,4.0
421,427,4.0
46,132,4.0
821,56,4.0
600,477,4.0
720,443,4.0
889,89,4.0
269,137,5.0
601,131,4.0
381,218,4.0
118,176,4.0
566,171,4.0
953,475,5.0
116,100,4.0
630,480,4.0
260,129,4.0
75,57,5.0
480,181,5.0
305,246,4.0
7,144,4.0
366,51,4.0
634,368,4.0
523,459,4.0
348,218,4.0
438,104,4.0
215,383,4.0
429,55,4.0
791,257,5.0
498,346,4.0
540,156,4.0
747,53,4.0
367,442,4.0
313,329,5.0
538,444,4.0
921,187,4.0
54,364,4.0
541,150,5.0
467,264,4.0
865,250,5.0
164,433,4.0
782,298,4.0
334,411,4.0
547,423,4.0
798,211,4.0
348,25,4.0
273,294,4.0
963,341,4.0
720,152,4.0
750,24,5.0
414,252,5.0
500,60,5.0
93,467,4.0
685,434,5.0
79,367,4.0
622,66,4.0
217,398,5.0
947,53,4.0
358,416,4.0
618,106,4.0
507,96,4.0
559,476,4.0
181,176,5.0
576,39,4.0
246,168,5.0
244,42,4.0
506,367,5.0
422,104,4.0
320,333,4.0
87,204,4.0
217,8,5.0
490,463,4.0
519,282,4.0
278,396,4.0
849,43,4.0
722,435,5.0
169,110,4.0
330,475,4.0
650,210,4.0
441,237,5.0
391,356,4.0
496,319,4.0
381,49,4.0
306,115,5.0
742,155,4.0
987,137,5.0
820,167,4.0
673,321,4.0
513,199,5.0
748,474,4.0
949,71,4.0
188,500,4.0
930,7,4.0
516,200,4.0
913,336,4.0
644,67,4.0
427,493,5.0
502,138,4.0
730,242,4.0
260,455,4.0
513,213,4.0
71,181,5.0
478,254,4.0
178,101,4.0
457,351,4.0
189,87,4.0
291,185,5.0
520,91,4.0
765,248,4.0
920,214,5.0
979,359,4.0
292,249,5.0
946,126,4.0
756,411,5.0
635,438,4.0
811,369,4.0
283,4,4.0
544,88,4.0
846,151,4.0
377,176,4.0
658,211,4.0
156,426,4.0
508,259,4.0
413,91,4.0
528,259,4.0
355,412,4.0
559,191,4.0
763,81,4.0
187,415,4.0
31,138,5.0
260,433,4.0
421,470,4.0
529,350,4.0
551,126,4.0
304,369,5.0
942,405,4.0
986,356,4.0
944,309,5.0
39,343,4.0
489,230,5.0
644,460,4.0
542,345,5.0
670,310,5.0
278,441,4.0
203,20,5.0
66,369,4.0
108,49,4.0
268,490,4.0
222,135,4.0
804,29,5.0
530,48,4.0
90,477,4.0
693,269,4.0
255,3,4.0
455,258,4.0
253,16,4.0
257,94,5.0
383,358,5.0
442,134,5.0
858,301,5.0
599,327,4.0
90,133,4.0
749,312,4.0
390,455,4.0
582,482,4.0
44,383,4.0
712,32,4.0
664,305,4.0
598,269,5.0
19,414,4.0
101,25,4.0
914,469,4.0
607,316,5.0
766,59,4.0
357,213,4.0
542,156,4.0
761,496,4.0
938,314,4.0
33,276,5.0
970,418,5.0
229,389,4.0
524,210,4.0
630,444,4.0
862,487,4.0
155,427,5.0
423,57,5.0
905,185,5.0
246,459,4.0
405,54,4.0
844,209,4.0
759,368,4.0
541,429,4.0
161,342,4.0
747,293,4.0
702,340,4.0
117,304,4.0
271,252,5.0
770,374,4.0
692,438,4.0
487,304,5.0
885,112,5.0
172,366,4.0
950,6,4.0
274,418,4.0
259,191,4.0
135,334,4.0
683,432,4.0
722,279,4.0
748,382,4.0
422,340,4.0
421,13,4.0
186,303,4.0
929,44,4.0
364,105,4.0
955,160,4.0
607,154,4.0
378,242,5.0
523,181,5.0
580,14,4.0
891,180,4.0
722,377,4.0
196,292,4.0
881,264,5.0
98,168,4.0
605,214,4.0
984,150,4.0
22,16,4.0
450,91,4.0
172,120,5.0
383,444,4.0
134,253,5.0
426,60,4.0
25,266,4.0
503,409,4.0
185,31,4.0
85,21,5.0
567,219,4.0
763,81,4.0
144,289,4.0
863,31,4.0
910,498,4.0
679,234,4.0
412,474,4.0
224,405,5.0
220,36,4.0
179,449,5.0
631,132,4.0
433,324,4.0
265,346,4.0
954,132,4.0
429,497,4.0
662,9,5.0
416,30,5.0
453,115,4.0
727,301,4.0
197,4,4.0
554,325,4.0
53,237,4.0
480,23,4.0
443,16,4.0
330,22,4.0
251,485,4.0
807,72,4.0
890,304,4.0
783,446,4.0
967,481,5.0
925,444,4.0
123,230,4.0
879,107,4.0
387,208,4.0
339,389,5.0
778,208,5.0
348,263,4.0
29,51,4.0
975,65,4.0
35,265,4.0
518,338,5.0
396,301,4.0
623,378,4.0
294,175,5.0
589,451,4.0
349,152,4.0
147,476,4.0
67,266,4.0
904,329,5.0
520,461,4.0
122,304,4.0
340,163,5.0
175,438,4.0
900,343,4.0
691,367,5.0
597,465,4.0
451,238,4.0
557,199,4.0
136,500,5.0
855,16,5.0
16,309,5.0
333,296,4.0
195,356,4.0
496,276,4.0
9,472,5.0
828,239,5.0
334,69,4.0
333,301,4.0
327,6,4.0
15,220,4.0
839,254,4.0
614,453,4.0
226,433,4.0
425,295,4.0
790,358,4.0
408,386,5.0
113,107,5.0
997,295,4.0
428,118,4.0
1,405,5.0
266,168,4.0
491,485,4.0
208,251,4.0
622,82,5.0
712,54,5.0
952,240,4.0
369,366,4.0
985,12,4.0
306,209,4.0
12,165,5.0
345,366,4.0
465,294,5.0
700,399,4.0
666,7,4.0
494,78,4.0
368,434,4.0
846,65,4.0
937,102,4.0
420,451,4.0
889,357,4.0
791,300,4.0
171,287,4.0
134,171,5.0
965,77,4.0
427,48,4.0
25,255,4.0
530,82,4.0
190,383,4.0
141,209,4.0
555,209,4.0
846,445,5.0
796,459,4.0
658,84,5.0
315,10,4.0
444,29,4.0
319,304,4.0
441,482,4.0
92,465,5.0
179,446,4.0
56,116,4.0
155,490,5.0
672,269,5.0
111,428,5.0
137,47,4.0
232,359,4.0
992,448,4.0
468,91,4.0
732,53,4.0
481,218,4.0
68,348,4.0
814,77,4.0
249,204,4.0
994,44,4.0
323,156,5.0
922,2,5.0
904,357,4.0
518,313,4.0
976,57,4.0
792,290,4.0
432,471,4.0
487,58,4.0
606,254,4.0
429,180,4.0
269,493,4.0
709,157,4.0
537,35,4.0
148,75,4.0
118,432,4.0
850,289,4.0
367,371,4.0
850,75,5.0
66,329,4.0
970,78,5.0
813,255,4.0
370,265,5.0
175,487,4.0
831,304,5.0
588,67,4.0
495,221,4.0
973,467,5.0
114,164,4.0
111,480,4.0
761,455,4.0
439,375,4.0
715,220,5.0
147,172,4.0
35,254,4.0
999,210,5.0
309,188,5.0
538,191,4.0
750,389,4.0
14,215,4.0
374,375,4.0
557,86,4.0
428,474,5.0
728,106,4.0
233,332,4.0
705,296,4.0
563,19,5.0
939,47,4.0
887,65,4.0
726,451,4.0
663,475,5.0
440,146,4.0
502,434,4.0
275,286,4.0
850,382,4.0
76,66,4.0
439,5,5.0
732,93,4.0
860,353,4.0
956,426,4.0
699,468,5.0
289,94,4.0
915,106,4.0
540,133,4.0
891,434,4.0
692,341,4.0
253,314,4.0
126,79,4.0
177,212,4.0
37,8,4.0
410,497,4.0
611,159,4.0
610,268,4.0
127,149,4.0
483,350,4.0
168,446,4.0
592,91,4.0
294,236,4.0
845,474,5.0
638,289,4.0
343,410,4.0
310,474,4.0
662,356,4.0
528,168,4.0
540,193,4.0
419,187,4.0
444,271,4.0
685,114,4.0
558,385,4.0
840,11,4.0
236,55,4.0
439,258,4.0
214,65,4.0
85,479,4.0
794,172,4.0
744,272,5.0
85,150,4.0
921,362,4.0
489,146,5.0
65,431,4.0
646,209,4.0
663,286,4.0
627,10,5.0
64,227,4.0
343,186,4.0
939,62,4.0
875,85,4.0
919,464,4.0
352,134,4.0
158,323,4.0
589,297,4.0
491,171,4.0
658,213,5.0
855,461,5.0
463,18,4.0
225,314,4.0
917,60,4.0
313,88,4.0
615,27,5.0
919,68,4.0
859,278,4.0
813,408,5.0
940,40,4.0
466,109,4.0
88,74,4.0
883,66,4.0
303,168,5.0
680,262,5.0
435,368,4.0
682,274,4.0
135,337,4.0
50,358,4.0
432,237,4.0
340,215,4.0
347,366,4.0
646,286,5.0
347,378,4.0
649,149,4.0
245,318,4.0
109,394,5.0
825,376,4.0
799,107,4.0
533,141,4.0
90,76,4.0
296,9,5.0
112,196,4.0
813,295,4.0
589,280,4.0
177,381,4.0
343,118,4.0
660,290,4.0
101,487,5.0
758,61,5.0
629,425,4.0
604,389,4.0
401,335,4.0
28,306,4.0
937,388,4.0
962,51,4.0
537,52,4.0
58,122,4.0
498,167,5.0
297,8,4.0
134,369,4.0
331,45,4.0
249,344,4.0
550,245,4.0
902,284,4.0
941,375,4.0
75,107,4.0
654,27,4.0
834,193,5.0
168,418,4.0
771,337,5.0
503,357,4.0
885,62,4.0
355,62,4.0
225,422,4.0
664,282,4.0
531,121,4.0
146,280,4.0
960,39,4.0
241,380,4.0
884,277,4.0
893,94,4.0
344,431,4.0
749,115,4.0
35,176,4.0
702,121,4.0
1,13,5.0
996,485,4.0
153,387,4.0
429,416,4.0
945,163,4.0
508,275,4.0
126,398,4.0
491,176,4.0
482,470,5.0
345,337,4.0
912,379,4.0
738,324,4.0
221,173,4.0
915,488,5.0
919,275,4.0
723,64,4.0
25,101,4.0
528,322,4.0
182,463,4.0
499,66,4.0
841,331,4.0
641,45,4.0
42,87,4.0
915,458,4.0
481,67,4.0
930,453,4.0
848,259,4.0
748,422,5.0
872,205,5.0
439,426,4.0
402,467,5.0
546,424,4.0
345,178,4.0
893,419,4.0
45,280,5.0
646,344,5.0
21,17,5.0
634,296,4.0
70,202,4.0
864,450,4.0
873,172,4.0
48,407,5.0
491,262,4.0
551,194,5.0
287,149,4.0
10,375,4.0
542,376,4.0
756,35,4.0
274,369,5.0
956,29,4.0
600,263,4.0
756,221,4.0
381,53,4.0
329,421,4.0
479,279,4.0
15,353,5.0
516,392,4.0
191,76,4.0
168,494,4.0
521,176,4.0
621,10,4.0
137,463,4.0
154,117,4.0
388,280,4.0
209,218,4.0
272,175,5.0
143,234,4.0
611,437,4.0
889,252,4.0
820,295,4.0
69,451,4.0
247,322,5.0
261,6,5.0
788,21,4.0
79,73,4.0
658,330,4.0
623,36,4.0
770,387,5.0
605,233,4.0
525,216,4.0
772,470,4.0
938,497,4.0
621,206,4.0
330,426,4.0
189,429,4.0
95,44,5.0
617,91,5.0
8,417,4.0
67,316,4.0
496,470,4.0
191,93,5.0
366,467,5.0
768,339,4.0
521,454,5.0
990,493,4.0
117,83,4.0
267,333,4.0
611,282,5.0
485,470,5.0
509,21,4.0
298,228,4.0
909,376,4.0
164,130,4.0
376,175,4.0
653,108,5.0
268,414,4.0
549,283,4.0
74,71,4.0
508,404,4.0
73,50,4.0
308,95,4.0
199,279,4.0
130,397,4.0
758,337,5.0
824,132,5.0
572,398,4.0
791,276,4.0
615,380,4.0
808,13,4.0
832,3,4.0
487,474,4.0
853,474,4.0
151,466,4.0
669,224,4.0
206,462,4.0
986,175,4.0
179,387,4.0
197,385,4.0
735,90,4.0
89,408,4.0
799,241,4.0
434,35,4.0
788,14,4.0
748,195,5.0
183,397,4.0
209,431,4.0
493,306,4.0
130,334,4.0
665,213,4.0
13,410,4.0
634,3,5.0
871,179,4.0
732,40,5.0
106,452,5.0
375,164,4.0
582,307,5.0
707,235,4.0
698,257,4.0
99,360,5.0
594,495,4.0
587,417,5.0
886,391,4.0
852,373,4.0
192,116,5.0
325,52,4.0
979,376,4.0
726,395,4.0
827,411,5.0
956,142,4.0
467,86,5.0
894,464,4.0
367,46,4.0
318,332,4.0
144,497,4.0
384,238,4.0
216,10,5.0
361,152,5.0
324,61,4.0
15,494,4.0
217,18,5.0
492,86,5.0
951,137,5.0
547,401,4.0
183,230,4.0
270,128,4.0
945,104,4.0
467,186,4.0
870,397,4.0
612,178,4.0
519,357,4.0
542,6,4.0
467,341,4.0
305,307,4.0
985,36,4.0
144,327,4.0
111,356,4.0
232,281,4.0
691,395,4.0
584,300,4.0
722,14,5.0
732,237,5.0
592,285,4.0
500,330,4.0
595,50,4.0
554,496,5.0
273,261,4.0
703,456,4.0
173,110,4.0
973,197,4.0
7,378,4.0
155,252,5.0
522,88,5.0
546,488,4.0
548,313,5.0
921,26,4.0
518,262,4.0
920,144,4.0
914,60,4.0
215,356,4.0
134,268,4.0
285,75,5.0
126,3,4.0
921,63,4.0
439,236,4.0
849,448,4.0
686,446,5.0
152,229,4.0
331,390,4.0
538,275,4.0
383,18,4.0
115,80,5.0
894,215,4.0
482,171,4.0
284,485,5.0
899,329,4.0
75,255,4.0
166,387,4.0
189,126,4.0
78,255,4.0
947,72,4.0
602,38,5.0
688,324,5.0
21,204,4.0
566,172,4.0
184,223,4.0
871,217,4.0
222,245,5.0
827,336,4.0
328,191,4.0
179,298,4.0
788,320,4.0
112,182,4.0
736,334,5.0
726,383,4.0
59,205,4.0
327,361,4.0
905,199,5.0
621,332,4.0
897,165,4.0
669,242,4.0
191,388,4.0
200,130,4.0
312,227,4.0
708,122,4.0
35,44,4.0
379,451,4.0
387,196,4.0
758,358,4.0
237,204,5.0
616,467,4.0
519,458,4.0
283,318,4.0
1,257,5.0
731,17,4.0
464,272,4.0
230,9,5.0
967,249,4.0
172,437,4.0
87,201,4.0
553,59,4.0
123,375,4.0
843,393,4.0
298,140,4.0
885,119,4.0
929,41,4.0
690,399,4.0
575,322,4.0
484,331,4.0
165,267,4.0
699,8,4.0
383,183,4.0
209,480,5.0
739,134,4.0
432,181,4.0
389,404,4.0
560,423,4.0
224,355,4.0
3,72,4.0
372,498,5.0
687,113,4.0
446,107,4.0
611,290,4.0
116,313,4.0
270,117,4.0
447,120,4.0
368,147,4.0
253,327,5.0
317,415,4.0
415,210,4.0
95,296,4.0
785,398,4.0
892,103,4.0
24,124,4.0
628,245,4.0
663,379,4.0
850,356,4.0
50,209,4.0
502,421,4.0
718,428,4.0
498,393,4.0
335,314,4.0
79,404,4.0
582,109,5.0
27,377,4.0
271,348,4.0
562,50,5.0
804,404,5.0
247,105,5.0
776,420,4.0
591,373,4.0
387,27,4.0
702,456,4.0
559,288,4.0
973,257,4.0
361,273,4.0
866,137,4.0
984,340,4.0
488,301,4.0
352,480,4.0
701,322,4.0
928,32,4.0
256,45,4.0
222,265,4.0
884,30,5.0
753,84,4.0
781,166,5.0
1,316,5.0
546,1,4.0
446,249,4.0
79,261,4.0
236,63,4.0
334,483,4.0
889,164,4.0
349,321,4.0
98,334,4.0
82,201,5.0
502,222,4.0
967,152,4.0
477,132,5.0
927,114,4.0
704,462,5.0
765,217,4.0
921,196,4.0
550,281,4.0
14,202,4.0
392,483,5.0
347,135,4.0
310,234,4.0
386,141,4.0
209,196,4.0
357,498,4.0
974,43,4.0
601,57,4.0
568,420,4.0
94,142,4.0
93,210,4.0
340,72,4.0
597,224,4.0
445,27,4.0
757,128,4.0
22,106,4.0
291,165,4.0
485,215,5.0
784,71,4.0
306,204,4.0
634,153,5.0
128,67,4.0
625,90,5.0
939,260,4.0
273,362,4.0
848,228,4.0
442,79,5.0
503,96,4.0
130,349,4.0
132,330,4.0
597,469,4.0
935,382,4.0
482,246,5.0
862,272,4.0
390,495,4.0
593,403,5.0
999,157,4.0
985,116,4.0
325,435,4.0
69,18,4.0
660,442,4.0
448,172,4.0
528,16,5.0
819,449,5.0
617,240,4.0
165,386,4.0
488,56,4.0
713,79,4.0
709,103,4.0
426,284,4.0
697,193,4.0
834,5,4.0
265,106,4.0
875,278,5.0
612,373,5.0
342,100,4.0
832,238,4.0
726,269,4.0
278,321,4.0
674,400,4.0
439,489,4.0
157,86,4.0
422,320,4.0
251,32,4.0
878,336,4.0
609,51,4.0
530,79,4.0
327,186,4.0
961,174,4.0
895,436,4.0
97,106,4.0
513,63,4.0
216,76,4.0
132,316,4.0
260,321,4.0
125,373,4.0
82,81,4.0
283,361,4.0
683,128,5.0
59,183,4.0
544,243,4.0
161,185,5.0
284,498,4.0
106,220,4.0
105,71,5.0
439,457,4.0
228,342,4.0
700,154,4.0
582,245,4.0
318,140,5.0
464,71,4.0
802,46,4.0
599,47,4.0
882,79,5.0
874,422,4.0
472,149,4.0
56,398,4.0
625,130,4.0
13,456,4.0
440,127,4.0
18,365,4.0
694,119,4.0
973,454,5.0
113,485,5.0
229,357,5.0
171,417,4.0
295,489,4.0
189,262,4.0
426,244,4.0
977,474,4.0
79,382,4.0
658,103,4.0
919,489,5.0
182,37,4.0
499,142,4.0
798,37,4.0
762,8,4.0
866,231,4.0
826,333,4.0
708,397,4.0
835,296,5.0
71,107,4.0
248,348,4.0
146,442,5.0
618,18,4.0
775,313,4.0
296,83,4.0
582,422,4.0
470,288,4.0
506,470,4.0
193,194,4.0
68,461,4.0
494,215,5.0
817,281,4.0
52,220,4.0
882,442,4.0
363,459,4.0
797,289,4.0
917,344,4.0
474,194,4.0
846,158,4.0
521,465,4.0
763,104,4.0
431,34,4.0
844,102,4.0
298,127,5.0
435,214,4.0
696,325,4.0
691,432,4.0
198,296,4.0
128,179,4.0
532,80,4.0
984,141,4.0
411,474,4.0
934,31,4.0
840,372,4.0
65,423,4.0
694,63,4.0
241,48,4.0
369,87,4.0
536,304,4.0
384,61,4.0
431,396,5.0
967,334,4.0
83,440,4.0
982,274,5.0
831,411,5.0
697,284,4.0
951,466,4.0
828,80,4.0
611,180,4.0
574,272,4.0
286,77,4.0
989,442,5.0
534,221,5.0
459,393,4.0
212,282,4.0
126,28,4.0
413,361,4.0
499,77,5.0
425,164,4.0
554,9,4.0
610,175,4.0
961,462,4.0
543,307,5.0
158,76,4.0
112,245,4.0
402,122,4.0
759,185,4.0
122,32,4.0
273,486,4.0
294,451,4.0
398,250,5.0
471,57,5.0
985,310,4.0
207,372,4.0
110,144,4.0
440,318,4.0
278,84,5.0
963,480,4.0
568,56,4.0
887,279,4.0
915,273,4.0
569,464,4.0
940,166,4.0
482,456,4.0
803,467,4.0
114,158,5.0
893,249,5.0
897,186,4.0
820,482,4.0
853,78,5.0
477,22,4.0
710,108,4.0
933,273,5.0
321,252,4.0
179,15,4.0
897,370,4.0
219,304,5.0
789,160,4.0
949,205,4.0
528,469,4.0
492,113,5.0
891,168,4.0
61,353,4.0
54,253,4.0
680,441,4.0
538,186,4.0
848,347,4.0
988,227,5.0
65,16,4.0
612,156,4.0
586,354,4.0
704,111,4.0
171,1,4.0
273,41,5.0
889,48,4.0
699,415,4.0
535,420,4.0
391,108,4.0
940,161,4.0
693,161,4.0
327,359,5.0
108,128,4.0
847,210,4.0
162,151,4.0
814,444,4.0
452,255,4.0
206,471,4.0
590,463,4.0
16,218,4.0
327,30,4.0
608,473,4.0
659,45,4.0
2,80,4.0
10,39,4.0
434,240,4.0
125,45,4.0
81,78,4.0
485,337,4.0
652,396,5.0
838,349,4.0
150,288,5.0
800,440,4.0
873,280,4.0
340,116,4.0
129,269,4.0
438,404,4.0
751,335,4.0
501,312,4.0
58,53,4.0
198,68,5.0
211,182,4.0
914,34,4.0
902,284,4.0
45,306,5.0
97,386,4.0
279,249,4.0
535,111,4.0
410,94,5.0
461,410,4.0
391,179,4.0
847,47,5.0
44,282,5.0
27,340,4.0
794,362,4.0
97,92,4.0
975,376,4.0
548,212,4.0
621,75,4.0
567,378,4.0
704,202,5.0
219,445,4.0
185,407,4.0
69,421,4.0
829,297,4.0
130,308,4.0
567,211,4.0
890,493,4.0
609,338,4.0
848,433,5.0
599,411,4.0
806,134,4.0
631,330,5.0
720,66,4.0
334,280,4.0
925,422,4.0
154,28,4.0
547,412,4.0
79,117,4.0
579,493,4.0
855,370,4.0
413,487,4.0
546,450,4.0
609,317,4.0
169,430,4.0
681,325,4.0
663,114,4.0
583,75,4.0
515,202,5.0
314,427,4.0
32,59,4.0
287,386,5.0
594,15,5.0
43,231,4.0
903,105,4.0
617,165,4.0
1,199,4.0
573,404,4.0
270,354,4.0
180,35,4.0
736,162,4.0
518,245,4.0
103,470,5.0
10,287,5.0
583,383,4.0
90,471,4.0
226,19,5.0
670,452,5.0
740,280,4.0
917,340,4.0
126,423,4.0
956,348,4.0
209,182,4.0
97,423,5.0
74,401,4.0
627,147,5.0
191,374,4.0
682,176,4.0
819,163,4.0
960,416,4.0
716,175,4.0
56,494,5.0
720,47,4.0
553,256,4.0
32,448,4.0
527,174,4.0
574,103,4.0
667,121,4.0
284,419,4.0
721,350,5.0
832,145,4.0
494,42,5.0
187,367,4.0
498,29,4.0
442,454,4.0
130,380,4.0
639,273,4.0
292,465,4.0
114,14,4.0
199,408,4.0
13,441,4.0
271,306,4.0
601,313,4.0
215,485,4.0
444,189,4.0
790,360,4.0
512,295,4.0
447,183,4.0
986,352,4.0
993,36,4.0
715,370,4.0
74,37,5.0
537,496,4.0
101,14,4.0
176,411,4.0
427,123,4.0
117,83,4.0
166,159,5.0
41,494,4.0
429,329,4.0
344,102,4.0
424,337,4.0
366,83,4.0
120,44,4.0
609,68,4.0
657,48,4.0
728,57,5.0
229,75,4.0
825,22,4.0
130,132,5.0
352,465,4.0
889,456,4.0
318,302,5.0
984,443,4.0
649,418,4.0
836,267,4.0
337,287,4.0
273,395,4.0
117,120,4.0
818,246,4.0
368,56,4.0
94,38,4.0
168,245,4.0
954,21,4.0
715,110,5.0
341,94,4.0
661,394,4.0
914,410,4.0
695,475,4.0
925,136,4.0
152,231,5.0
586,8,4.0
877,444,5.0
913,328,4.0
274,375,4.0
554,290,4.0
496,251,4.0
724,400,4.0
101,361,5.0
557,397,4.0
82,87,4.0
529,204,4.0
73,219,4.0
14,406,5.0
433,480,4.0
157,241,4.0
735,411,4.0
132,320,4.0
338,258,4.0
404,109,4.0
376,256,4.0
888,481,4.0
559,282,4.0
107,220,5.0
620,83,4.0
265,107,4.0
205,69,4.0
79,97,4.0
155,212,4.0
783,286,4.0
988,237,5.0
997,8,4.0
247,294,5.0
531,189,4.0
858,81,5.0
948,108,4.0
538,321,4.0
729,67,4.0
154,174,4.0
154,346,4.0
686,351,5.0
92,328,4.0
433,43,4.0
338,187,4.0
480,302,5.0
693,200,4.0
131,381,4.0
450,419,4.0
993,39,4.0
810,220,4.0
787,307,5.0
273,4,4.0
929,121,4.0
588,336,4.0
177,77,4.0
696,468,4.0
831,179,4.0
643,133,4.0
875,311,4.0
49,229,4.0
567,276,4.0
666,152,4.0
355,164,4.0
712,290,5.0
308,378,5.0
868,109,5.0
885,126,4.0
630,240,4.0
775,310,5.0
46,418,4.0
302,467,4.0
868,401,4.0
912,389,4.0
408,345,4.0
189,146,5.0
822,252,4.0
830,183,4.0
129,309,4.0
561,306,5.0
537,72,4.0
266,219,4.0
118,207,4.0
464,173,5.0
144,141,4.0
442,272,4.0
200,214,4.0
157,468,5.0
487,269,4.0
860,20,5.0
134,66,4.0
912,483,5.0
148,303,4.0
336,147,4.0
71,429,4.0
233,165,4.0
334,378,4.0
811,310,4.0
666,6,5.0
90,14,4.0
334,132,4.0
199,342,4.0
161,243,4.0
538,439,4.0
121,231,4.0
301,228,5.0
724,162,4.0
575,283,4.0
963,263,4.0
436,131,5.0
68,431,4.0
765,225,5.0
922,258,5.0
459,234,4.0
514,336,5.0
398,409,4.0
620,316,4.0
286,463,4.0
561,24,4.0
140,271,4.0
730,95,4.0
556,142,4.0
929,182,4.0
781,206,4.0
590,390,4.0
728,462,4.0
894,81,4.0
610,274,4.0
748,276,4.0
282,371,5.0
661,446,4.0
924,465,4.0
816,208,4.0
996,296,4.0
936,39,5.0
578,436,4.0
746,288,4.0
457,124,4.0
87,364,4.0
79,457,4.0
205,283,4.0
791,366,4.0
337,180,4.0
254,97,5.0
304,191,5.0
380,74,5.0
130,447,4.0
596,273,4.0
276,497,4.0
699,49,5.0
558,484,4.0
899,337,4.0
183,210,4.0
268,116,4.0
808,23,4.0
322,98,4.0
512,328,4.0
612,397,4.0
78,407,4.0
784,313,4.0
339,190,5.0
674,182,4.0
556,148,4.0
509,342,4.0
238,495,4.0
134,436,4.0
973,23,4.0
192,105,4.0
356,163,4.0
278,67,4.0
18,290,4.0
524,289,4.0
180,46,4.0
123,81,4.0
246,429,5.0
734,147,5.0
373,222,4.0
51,343,4.0
1000,15,4.0
71,379,4.0
480,121,5.0
560,78,4.0
19,322,5.0
774,295,5.0
84,241,5.0
155,18,4.0
565,256,4.0
619,454,5.0
357,443,4.0
816,416,4.0
647,277,4.0
443,424,5.0
69,476,4.0
523,27,4.0
143,2,4.0
192,353,5.0
387,464,4.0
378,295,4.0
581,470,4.0
535,312,5.0
693,363,4.0
293,383,4.0
9,239,4.0
271,13,4.0
387,382,4.0
93,184,4.0
966,194,4.0
529,462,5.0
154,56,4.0
405,230,4.0
840,489,4.0
149,28,4.0
889,320,4.0
267,71,4.0
422,210,5.0
840,448,4.0
618,184,4.0
472,425,4.0
893,375,4.0
547,356,4.0
631,41,4.0
526,484,4.0
503,492,5.0
14,260,5.0
778,441,4.0
652,414,4.0
806,344,4.0
364,84,4.0
119,46,4.0
238,440,4.0
546,159,4.0
169,344,4.0
522,7,4.0
634,474,4.0
913,333,5.0
657,438,5.0
963,136,4.0
958,183,4.0
735,197,4.0
883,172,4.0
769,397,5.0
780,349,4.0
871,276,4.0
516,78,4.0
938,416,4.0
397,444,4.0
866,178,4.0
106,27,4.0
85,120,4.0
214,281,5.0
121,308,4.0
132,196,4.0
850,277,4.0
197,18,4.0
19,295,4.0
642,271,4.0
12,53,4.0
81,294,4.0
330,432,4.0
866,52,4.0
774,216,5.0
392,72,4.0
637,28,4.0
307,469,5.0
267,400,5.0
447,252,4.0
441,374,4.0
895,400,4.0
652,35,4.0
841,401,4.0
2,201,5.0
520,249,4.0
762,99,4.0
651,308,4.0
636,477,4.0
309,487,4.0
740,466,4.0
522,140,4.0
469,83,4.0
212,48,5.0
112,278,4.0
8,379,5.0
804,248,4.0
477,383,4.0
874,177,4.0
460,52,4.0
253,79,4.0
526,385,5.0
752,322,4.0
438,64,4.0
754,8,4.0
981,214,4.0
854,25,4.0
661,450,4.0
236,256,4.0
306,243,4.0
478,457,4.0
679,457,4.0
20,461,4.0
216,198,5.0
855,94,4.0
135,207,4.0
905,435,5.0
129,437,5.0
410,15,4.0
422,178,5.0
294,455,4.0
246,378,4.0
701,75,4.0
556,104,5.0
86,294,4.0
556,168,4.0
842,450,5.0
375,115,4.0
446,496,4.0
378,39,4.0
390,458,4.0
657,364,4.0
51,273,4.0
242,135,4.0
294,374,4.0
920,232,5.0
563,39,4.0
266,452,4.0
120,291,5.0
712,307,4.0
917,47,4.0
248,36,4.0
70,320,4.0
853,95,5.0
57,473,4.0
382,361,4.0
39,13,4.0
984,146,4.0
801,405,4.0
443,368,4.0
18,65,4.0
952,228,4.0
732,242,4.0
825,8,5.0
756,500,4.0
352,304,5.0
972,341,4.0
816,43,5.0
298,244,4.0
283,181,5.0
586,85,5.0
110,155,4.0
180,275,4.0
938,23,4.0
544,115,5.0
746,306,4.0
794,435,5.0
25,299,4.0
843,99,4.0
791,104,4.0
738,372,4.0
57,51,4.0
180,362,4.0
232,112,5.0
894,453,5.0
343,244,4.0
477,169,4.0
799,72,4.0
576,139,4.0
455,336,5.0
232,231,4.0
289,239,5.0
213,472,5.0
258,253,4.0
530,469,4.0
687,436,4.0
929,407,4.0
229,49,4.0
226,422,5.0
596,303,4.0
803,72,5.0
435,263,4.0
882,322,4.0
758,222,4.0
402,77,4.0
622,62,4.0
766,471,4.0
88,157,4.0
584,294,5.0
893,125,4.0
542,229,4.0
684,340,4.0
309,161,4.0
906,29,4.0
343,114,4.0
436,79,4.0
177,23,4.0
139,106,4.0
194,131,4.0
186,357,4.0
218,477,4.0
164,173,4.0
161,264,4.0
943,342,5.0
525,373,4.0
808,285,4.0
601,2,4.0
836,233,5.0
42,369,4.0
915,251,5.0
210,434,4.0
741,493,4.0
862,321,4.0
275,108,5.0
954,276,5.0
279,180,4.0
251,213,4.0
310,293,4.0
720,72,4.0
833,283,4.0
140,175,4.0
792,123,4.0
546,227,4.0
821,390,5.0
904,444,4.0
530,301,4.0
57,428,4.0
112,83,4.0
5,253,4.0
410,146,4.0
414,120,5.0
182,65,5.0
13,281,4.0
339,283,4.0
797,391,4.0
259,428,4.0
90,106,4.0
616,413,4.0
891,479,4.0
698,300,5.0
250,107,4.0
255,36,5.0
588,147,4.0
898,262,4.0
971,409,4.0
108,159,5.0
668,265,5.0
594,468,4.0
589,202,4.0
485,421,4.0
982,155,5.0
972,13,5.0
258,297,4.0
639,384,5.0
997,322,5.0
903,498,5.0
282,85,4.0
986,481,4.0
88,280,4.0
204,245,4.0
16,300,4.0
151,362,4.0
936,354,4.0
254,316,4.0
188,9,4.0
329,386,4.0
544,247,4.0
783,312,4.0
997,414,5.0
397,278,4.0
517,238,4.0
459,203,4.0
330,247,4.0
820,235,4.0
845,81,5.0
169,356,5.0
693,13,4.0
366,327,4.0
178,16,4.0
655,481,4.0
362,45,4.0
760,321,4.0
639,139,4.0
775,326,5.0
40,148,5.0
924,355,4.0
416,236,4.0
355,191,4.0
255,101,4.0
143,105,5.0
752,474,4.0
740,250,5.0
853,396,4.0
710,446,4.0
577,94,4.0
900,220,4.0
11,475,4.0
620,298,4.0
26,339,4.0
957,453,5.0
421,442,4.0
663,133,5.0
221,361,4.0
853,155,4.0
496,28,4.0
237,282,4.0
237,475,4.0
219,116,4.0
487,305,4.0
936,234,5.0
461,405,4.0
663,1,4.0
635,348,4.0
144,240,5.0
990,58,4.0
189,335,4.0
255,183,4.0
68,337,4.0
616,26,4.0
336,468,4.0
671,409,5.0
821,77,4.0
874,417,4.0
409,217,5.0
300,328,5.0
908,325,4.0
602,262,4.0
357,23,4.0
256,244,4.0
353,158,4.0
732,206,4.0
521,310,4.0
524,87,4.0
837,267,4.0
950,415,4.0
756,134,4.0
694,267,5.0
284,333,4.0
312,268,4.0
99,450,4.0
197,53,4.0
482,99,4.0
878,247,4.0
226,36,4.0
845,401,5.0
615,28,4.0
618,220,5.0
365,406,4.0
368,102,4.0
570,263,4.0
590,271,4.0
75,224,4.0
42,139,4.0
422,280,5.0
836,451,5.0
181,286,5.0
545,454,4.0
71,250,4.0
568,322,4.0
105,317,4.0
200,78,4.0
101,297,4.0
768,338,5.0
307,307,4.0
586,428,4.0
683,351,4.0
377,13,4.0
655,346,4.0
678,492,4.0
399,396,4.0
773,82,4.0
221,9,4.0
595,497,5.0
182,213,4.0
307,48,4.0
522,49,4.0
396,309,4.0
4,440,5.0
863,40,5.0
914,363,5.0
848,280,4.0
1000,226,4.0
804,456,4.0
281,108,5.0
215,245,4.0
972,255,4.0
610,33,4.0
420,23,4.0
101,333,4.0
963,54,4.0
521,309,4.0
573,49,4.0
309,462,5.0
658,78,5.0
939,336,4.0
931,433,4.0
510,358,4.0
63,122,4.0
633,444,4.0
226,359,4.0
105,90,5.0
974,346,4.0
772,193,4.0
861,416,5.0
425,377,5.0
255,463,5.0
429,244,4.0
434,149,5.0
207,146,4.0
28,478,5.0
682,316,4.0
336,378,4.0
588,141,4.0
628,408,4.0
69,286,4.0
866,386,4.0
746,339,5.0
513,111,4.0
167,108,4.0
864,367,4.0
730,281,4.0
785,50,4.0
368,14,5.0
251,134,4.0
859,76,4.0
856,84,4.0
931,343,4.0
686,158,4.0
170,286,5.0
758,422,4.0
935,314,4.0
90,94,4.0
561,297,4.0
446,94,5.0
294,57,4.0
919,164,4.0
150,320,5.0
132,497,4.0
433,98,5.0
59,16,4.0
969,344,4.0
836,78,5.0
199,346,5.0
215,72,4.0
898,270,5.0
561,287,4.0
472,66,4.0
744,368,4.0
247,68,4.0
382,193,5.0
991,55,4.0
239,468,4.0
927,379,5.0
367,462,4.0
168,168,4.0
560,409,4.0
51,25,4.0
811,131,5.0
610,325,4.0
951,102,4.0
728,374,5.0
689,282,4.0
380,296,4.0
474,294,5.0
80,422,4.0
697,452,4.0
367,263,4.0
461,478,4.0
911,414,4.0
539,120,4.0
452,403,5.0
464,231,4.0
960,291,4.0
478,488,5.0
926,161,4.0
420,161,5.0
707,78,4.0
214,38,4.0
369,394,4.0
854,441,4.0
114,28,4.0
754,462,4.0
503,100,4.0
636,294,4.0
817,400,4.0
588,124,5.0
311,405,4.0
469,92,5.0
824,255,4.0
708,97,4.0
863,6,4.0
44,169,4.0
415,383,4.0
698,271,4.0
855,108,4.0
246,387,5.0
949,299,5.0
84,47,4.0
207,99,4.0
151,14,4.0
668,194,4.0
528,157,4.0
165,388,4.0
917,154,5.0
975,115,4.0
145,396,4.0
37,258,4.0
333,145,4.0
403,291,4.0
414,10,5.0
45,368,4.0
402,214,5.0
206,233,4.0
62,171,4.0
420,21,4.0
868,15,4.0
468,419,4.0
820,368,4.0
19,126,4.0
365,341,4.0
300,341,5.0
7,213,4.0
761,188,4.0
428,172,4.0
117,480,4.0
580,247,5.0
507,5,5.0
546,231,4.0
706,201,4.0
325,373,4.0
55,402,5.0
778,149,4.0
992,72,4.0
42,492,5.0
297,500,4.0
973,226,5.0
231,74,5.0
453,307,5.0
890,169,5.0
394,249,4.0
522,280,4.0
358,488,4.0
987,152,4.0
444,224,4.0
128,225,4.0
691,38,5.0
405,44,5.0
392,185,4.0
193,499,5.0
604,443,5.0
881,241,4.0
743,418,4.0
78,331,4.0
85,351,4.0
30,210,4.0
725,23,4.0
49,124,4.0
777,86,4.0
145,43,4.0
69,466,4.0
58,40,4.0
697,303,4.0
574,169,4.0
479,175,4.0
820,487,4.0
445,20,4.0
296,461,4.0
678,109,4.0
171,193,4.0
575,244,4.0
147,324,4.0
484,280,4.0
306,228,4.0
673,36,4.0
653,45,4.0
846,386,4.0
609,28,4.0
446,154,4.0
221,23,4.0
555,207,4.0
945,420,4.0
804,91,4.0
378,390,4.0
620,419,4.0
266,359,4.0
95,38,4.0
262,419,4.0
825,228,5.0
897,202,4.0
71,350,4.0
954,309,4.0
219,489,4.0
533,254,4.0
92,38,4.0
127,221,4.0
80,500,4.0
824,187,4.0
238,43,4.0
983,359,4.0
372,114,4.0
916,260,4.0
486,5,4.0
694,68,4.0
25,228,4.0
156,123,4.0
517,173,4.0
632,336,4.0
789,153,4.0
530,462,4.0
943,267,4.0
710,157,4.0
57,162,4.0
605,214,4.0
19,398,4.0
384,376,4.0
865,408,5.0
193,443,4.0
237,423,4.0
387,26,4.0
426,427,4.0
277,292,4.0
227,423,4.0
745,189,5.0
552,400,4.0
323,122,4.0
153,230,4.0
639,59,5.0
237,96,5.0
998,262,4.0
55,354,5.0
980,312,4.0
436,136,4.0
684,350,4.0
109,283,5.0
866,455,4.0
981,411,4.0
184,473,4.0
951,120,4.0
368,430,4.0
983,425,4.0
198,463,4.0
371,25,4.0
373,342,4.0
973,146,4.0
497,12,4.0
599,87,4.0
201,435,4.0
849,109,4.0
509,423,4.0
322,345,4.0
275,266,4.0
211,222,4.0
504,74,4.0
903,482,4.0
118,494,5.0
703,333,4.0
554,310,4.0
42,413,4.0
315,102,4.0
788,425,4.0
329,493,4.0
17,137,5.0
283,191,4.0
943,461,4.0
258,421,4.0
575,142,4.0
574,357,4.0
612,73,4.0
19,328,5.0
529,167,4.0
837,168,4.0
423,54,5.0
466,259,4.0
373,439,5.0
758,111,4.0
763,232,4.0
967,161,4.0
81,352,4.0
551,327,4.0
548,19,4.0
424,290,5.0
429,462,4.0
388,50,5.0
998,175,4.0
921,302,4.0
709,184,4.0
670,185,5.0
204,339,4.0
196,307,4.0
728,310,4.0
285,346,5.0
969,81,5.0
196,374,4.0
307,156,5.0
664,275,4.0
14,283,4.0
837,432,4.0
146,500,4.0
938,249,5.0
57,147,4.0
723,481,4.0
780,435,4.0
210,7,4.0
529,157,4.0
798,171,4.0
344,69,4.0
715,94,4.0
611,369,4.0
279,363,4.0
209,376,5.0
641,186,4.0
335,392,4.0
288,170,5.0
252,204,5.0
265,42,5.0
271,13,4.0
924,154,4.0
920,274,4.0
700,298,4.0
419,51,4.0
726,500,5.0
795,369,4.0
211,212,4.0
365,144,4.0
76,357,5.0
660,3,4.0
321,254,4.0
725,475,4.0
433,335,5.0
109,256,4.0
641,98,4.0
522,173,4.0
47,150,4.0
379,488,4.0
827,279,4.0
96,59,4.0
958,446,5.0
103,113,4.0
892,324,4.0
854,243,5.0
146,310,5.0
880,57,4.0
942,489,4.0
928,407,5.0
27,367,5.0
732,60,4.0
530,329,4.0
679,216,4.0
945,469,4.0
989,233,4.0
82,494,4.0
428,55,4.0
584,373,4.0
822,208,4.0
479,63,4.0
766,184,4.0
162,311,4.0
839,281,5.0
932,26,4.0
402,177,5.0
508,63,4.0
38,429,4.0
955,73,4.0
511,335,4.0
393,167,4.0
713,225,4.0
494,65,4.0
200,69,4.0
255,440,4.0
179,9,4.0
547,236,4.0
594,198,4.0
389,412,4.0
398,173,4.0
732,282,5.0
158,28,5.0
4,296,4.0
167,399,4.0
468,134,4.0
960,27,4.0
409,38,4.0
412,196,4.0
204,203,4.0
194,85,4.0
235,320,5.0
718,30,4.0
150,466,4.0
159,99,4.0
279,387,4.0
816,190,4.0
404,12,5.0
893,91,4.0
678,30,5.0
311,213,4.0
68,38,4.0
463,341,4.0
88,60,4.0
217,294,4.0
1,360,5.0
135,143,4.0
697,402,5.0
351,180,4.0
140,285,4.0
618,112,4.0
133,230,4.0
620,444,4.0
178,21,4.0
810,145,4.0
358,489,4.0
380,499,4.0
908,146,4.0
871,441,4.0
658,375,4.0
450,421,4.0
586,316,4.0
463,166,4.0
990,140,5.0
108,203,5.0
122,496,4.0
17,244,4.0
196,113,4.0
327,468,4.0
318,201,4.0
809,385,4.0
479,314,4.0
252,259,4.0
503,255,5.0
999,447,5.0
119,405,4.0
674,23,4.0
710,393,4.0
498,246,4.0
486,339,5.0
45,493,5.0
314,311,5.0
179,366,4.0
894,372,4.0
418,403,4.0
556,318,4.0
783,87,4.0
78,219,4.0
326,475,4.0
690,423,5.0
357,356,4.0
416,460,5.0
963,27,5.0
515,430,4.0
214,290,4.0
854,289,5.0
74,348,4.0
563,223,4.0
579,352,5.0
509,178,4.0
332,148,5.0
93,424,4.0
688,227,4.0
657,351,5.0
519,186,5.0
269,415,4.0
376,294,4.0
834,470,4.0
4,429,4.0
138,41,4.0
231,393,4.0
600,500,4.0
529,393,4.0
52,191,4.0
646,79,4.0
723,205,5.0
325,384,5.0
992,278,4.0
970,272,4.0
905,32,4.0
731,450,4.0
717,474,4.0
723,142,4.0
277,251,4.0
536,294,4.0
486,98,4.0
516,136,4.0
152,484,4.0
955,277,4.0
483,312,4.0
259,302,4.0
324,43,4.0
869,120,4.0
168,220,4.0
688,46,4.0
310,236,5.0
803,48,4.0
479,198,4.0
56,84,4.0
620,31,4.0
473,161,4.0
296,428,4.0
461,71,5.0
324,8,4.0
814,457,4.0
846,386,4.0
141,401,4.0
667,52,4.0
262,45,5.0
785,293,4.0
420,426,4.0
744,300,4.0
241,465,4.0
355,373,5.0
849,38,4.0
770,355,4.0
761,380,4.0
589,495,4.0
180,231,4.0
66,478,5.0
820,262,4.0
348,68,5.0
171,179,5.0
474,357,5.0
534,419,4.0
367,186,4.0
107,441,4.0
439,201,5.0
835,390,5.0
227,13,4.0
444,443,4.0
442,214,5.0
396,220,4.0
728,286,4.0
581,244,4.0
84,356,4.0
615,258,4.0
551,58,4.0
13,36,4.0
809,328,4.0
825,429,4.0
693,490,4.0
493,498,5.0
268,393,4.0
525,382,4.0
120,193,5.0
970,333,4.0
353,50,4.0
57,463,4.0
40,32,4.0
886,98,4.0
336,43,5.0
640,381,4.0
173,351,4.0
547,334,4.0
259,310,4.0
888,47,4.0
517,270,4.0
730,432,4.0
523,311,5.0
894,413,4.0
839,431,4.0
117,63,5.0
184,19,4.0
906,347,4.0
874,393,4.0
116,101,4.0
162,37,4.0
579,107,4.0
712,92,4.0
543,308,5.0
587,185,4.0
237,216,5.0
839,28,4.0
66,36,4.0
70,372,4.0
809,320,4.0
447,18,5.0
416,345,4.0
532,419,4.0
441,196,4.0
738,78,4.0
946,167,4.0
464,90,4.0
921,264,4.0
396,472,4.0
711,208,4.0
551,212,4.0
657,271,4.0
557,263,4.0
395,273,5.0
326,342,5.0
893,214,5.0
919,374,4.0
91,64,4.0
750,12,4.0
70,210,4.0
166,312,4.0
642,174,4.0
214,431,4.0
852,256,4.0
601,463,5.0
335,101,5.0
764,16,4.0
369,197,4.0
861,258,4.0
584,384,4.0
677,244,4.0
49,348,4.0
52,249,5.0
289,105,4.0
790,182,4.0
626,155,4.0
239,287,4.0
133,169,4.0
999,420,4.0
786,47,5.0
166,43,4.0
374,321,4.0
373,306,4.0
805,221,4.0
478,1,4.0
755,200,4.0
479,441,4.0
832,144,4.0
650,378,4.0
591,28,5.0
682,342,4.0
635,338,4.0
688,278,4.0
300,41,4.0
82,332,4.0
87,147,4.0
225,345,5.0
16,178,4.0
822,315,4.0
358,325,4.0
163,418,4.0
610,167,4.0
668,123,4.0
514,74,5.0
350,239,5.0
909,249,4.0
681,263,4.0
464,252,4.0
827,357,4.0
837,111,4.0
375,180,4.0
92,188,4.0
181,308,5.0
743,207,4.0
301,234,4.0
660,24,4.0
792,26,4.0
189,381,4.0
859,218,4.0
862,494,4.0
314,346,4.0
493,378,4.0
923,10,4.0
922,17,4.0
128,245,4.0
519,206,4.0
426,258,4.0
559,112,4.0
565,205,4.0
187,27,4.0
550,457,4.0
453,71,4.0
471,176,5.0
988,202,4.0
738,248,5.0
565,118,4.0
911,9,4.0
224,86,4.0
154,23,4.0
560,455,4.0
351,240,5.0
147,73,4.0
905,27,4.0
576,472,4.0
349,349,5.0
182,81,5.0
637,84,4.0
179,199,4.0
39,43,4.0
772,488,5.0
894,263,5.0
3,92,4.0
64,339,4.0
29,447,4.0
372,84,5.0
523,300,4.0
97,423,4.0
870,296,4.0
442,135,4.0
203,454,4.0
411,281,4.0
993,489,4.0
21,59,4.0
551,397,4.0
735,359,4.0
102,488,5.0
46,342,4.0
66,241,4.0
603,465,4.0
164,368,5.0
971,342,5.0
111,98,4.0
338,62,4.0
123,264,4.0
705,113,4.0
447,429,4.0
611,146,4.0
291,216,4.0
671,256,4.0
412,316,4.0
615,316,5.0
897,362,5.0
281,258,4.0
43,194,4.0
486,347,4.0
596,14,4.0
963,304,4.0
703,103,4.0
51,245,5.0
898,245,4.0
210,312,4.0
126,268,4.0
492,224,4.0
509,220,4.0
960,311,5.0
970,412,4.0
581,366,4.0
777,217,5.0
258,4,4.0
930,474,5.0
188,36,4.0
230,178,4.0
189,387,5.0
415,257,5.0
10,17,4.0
114,199,4.0
76,318,5.0
676,48,4.0
502,62,4.0
85,69,5.0
49,147,4.0
495,359,5.0
838,366,5.0
689,162,4.0
387,227,5.0
970,433,4.0
389,464,4.0
218,488,4.0
701,498,5.0
981,431,5.0
346,487,4.0
230,347,4.0
255,489,4.0
236,230,4.0
26,370,4.0
584,178,4.0
261,345,4.0
766,410,5.0
271,56,5.0
123,78,4.0
656,270,5.0
257,206,4.0
656,281,5.0
421,228,4.0
259,388,4.0
948,239,4.0
47,463,4.0
863,288,5.0
525,82,4.0
888,334,4.0
208,250,5.0
311,193,4.0
747,106,5.0
149,189,5.0
834,276,5.0
438,74,4.0
155,10,4.0
678,123,5.0
90,216,4.0
698,290,5.0
830,445,4.0
358,476,4.0
174,411,5.0
217,40,5.0
907,193,4.0
456,127,4.0
776,289,5.0
609,452,4.0
629,71,4.0
199,137,5.0
832,144,4.0
486,389,5.0
533,354,4.0
200,380,4.0
371,407,4.0
959,299,4.0
853,370,5.0
448,345,5.0
248,441,5.0
788,435,4.0
264,269,4.0
58,384,5.0
302,408,4.0
31,139,4.0
498,52,4.0
249,499,4.0
605,17,5.0
777,165,5.0
271,13,4.0
606,190,4.0
666,475,5.0
394,340,4.0
797,353,4.0
502,362,4.0
592,352,4.0
804,264,5.0
84,312,4.0
365,221,5.0
886,104,5.0
549,339,4.0
342,198,5.0
839,300,4.0
407,444,4.0
425,359,4.0
744,368,4.0
93,169,4.0
848,149,4.0
614,249,4.0
412,256,4.0
432,470,5.0
678,42,4.0
159,202,4.0
14,458,4.0
373,244,4.0
225,157,4.0
505,464,4.0
73,449,4.0
249,401,4.0
511,286,4.0
603,282,4.0
216,437,4.0
973,381,4.0
602,238,4.0
541,19,4.0
947,53,4.0
817,85,4.0
939,273,4.0
988,430,4.0
220,360,4.0
840,213,4.0
727,437,4.0
221,361,4.0
389,104,4.0
554,192,4.0
647,429,4.0
42,177,4.0
676,147,4.0
873,380,4.0
283,455,4.0
58,81,4.0
814,193,4.0
834,37,4.0
537,377,4.0
73,326,5.0
885,154,5.0
923,130,5.0
129,59,4.0
599,224,5.0
842,249,4.0
426,240,4.0
948,374,4.0
665,389,4.0
694,293,4.0
125,287,4.0
67,204,5.0
6,99,4.0
637,350,4.0
314,176,4.0
326,262,4.0
565,271,4.0
578,143,5.0
826,189,5.0
506,272,5.0
82,20,4.0
599,333,5.0
2,300,4.0
204,426,4.0
662,46,5.0
805,95,4.0
404,418,4.0
103,64,4.0
536,413,5.0
368,131,4.0
212,9,4.0
577,459,4.0
961,203,5.0
209,409,5.0
763,470,4.0
897,298,4.0
117,174,4.0
628,73,4.0
749,84,5.0
478,59,4.0
105,21,4.0
495,458,5.0
771,406,4.0
46,157,5.0
823,319,5.0
331,329,5.0
216,61,4.0
982,64,4.0
960,325,4.0
492,168,4.0
813,203,4.0
922,129,4.0
845,245,4.0
449,106,4.0
536,321,4.0
511,122,4.0
458,318,5.0
547,182,4.0
536,103,4.0
540,316,4.0
484,302,4.0
976,261,4.0
1000,113,5.0
16,406,4.0
571,474,4.0
977,437,4.0
243,70,4.0
950,160,4.0
207,240,4.0
912,11,5.0
271,138,4.0
761,495,4.0
994,167,4.0
779,247,4.0
705,354,4.0
847,31,4.0
730,12,4.0
115,243,4.0
580,108,5.0
299,336,5.0
837,422,4.0
483,323,4.0
397,194,5.0
394,308,4.0
75,133,4.0
978,395,5.0
482,281,4.0
103,291,4.0
297,163,4.0
178,278,5.0
215,421,4.0
967,470,5.0
315,439,4.0
39,203,4.0
259,96,4.0
716,483,4.0
7,223,4.0
49,237,4.0
538,117,4.0
161,456,4.0
869,192,4.0
176,276,5.0
591,106,4.0
2,482,4.0
895,4,5.0
455,18,5.0
928,307,4.0
644,452,4.0
276,20,5.0
498,122,5.0
629,137,5.0
676,80,4.0
800,154,4.0
28,358,4.0
333,25,5.0
1,452,4.0
188,169,4.0
56,59,5.0
547,301,4.0
112,41,4.0
798,38,4.0
310,117,4.0
36,275,4.0
439,270,4.0
729,127,4.0
592,405,4.0
826,399,4.0
595,3,4.0
577,293,4.0
325,373,4.0
640,498,4.0
307,430,4.0
534,16,4.0
728,398,4.0
619,265,4.0
109,239,4.0
372,263,5.0
357,398,4.0
181,134,4.0
356,213,4.0
676,15,5.0
68,436,4.0
292,328,4.0
692,418,4.0
181,360,4.0
466,129,4.0
434,352,4.0
464,122,5.0
681,241,4.0
914,115,4.0
534,197,4.0
66,222,4.0
21,214,4.0
612,404,4.0
384,80,4.0
812,263,5.0
615,135,4.0
559,306,4.0
39,242,4.0
285,386,4.0
822,303,4.0
602,270,5.0
597,287,4.0
785,50,4.0
336,189,4.0
188,297,4.0
671,14,5.0
243,389,4.0
73,459,4.0
479,232,4.0
974,261,5.0
561,192,4.0
101,413,4.0
514,203,4.0
756,261,4.0
176,113,4.0
238,374,5.0
910,352,4.0
59,36,4.0
865,79,4.0
99,275,4.0
954,448,5.0
871,278,4.0
954,162,4.0
495,312,4.0
947,17,5.0
980,204,4.0
514,473,4.0
755,440,4.0
297,17,5.0
211,202,4.0
123,476,4.0
229,210,4.0
594,499,5.0
656,402,4.0
388,429,4.0
140,480,4.0
541,78,5.0
391,56,4.0
270,80,4.0
759,306,4.0
12,58,4.0
867,18,4.0
389,208,4.0
337,465,5.0
506,135,4.0
106,332,4.0
32,482,4.0
74,10,4.0
171,69,4.0
849,341,4.0
69,387,4.0
813,83,5.0
362,109,4.0
649,44,4.0
433,483,4.0
929,454,4.0
996,398,4.0
100,132,5.0
658,493,4.0
9,499,4.0
574,18,4.0
697,93,4.0
29,483,4.0
893,436,5.0
114,294,5.0
462,464,4.0
921,148,5.0
143,472,5.0
390,483,5.0
632,172,4.0
682,51,4.0
157,19,4.0
335,120,5.0
861,324,5.0
260,225,4.0
82,66,4.0
754,141,4.0
441,446,4.0
945,189,4.0
172,493,4.0
231,158,4.0
720,98,4.0
75,158,4.0
270,435,4.0
899,246,4.0
626,344,4.0
62,432,4.0
874,236,4.0
320,33,4.0
102,361,4.0
429,241,5.0
874,330,4.0
722,338,5.0
954,275,4.0
255,71,4.0
532,313,4.0
570,403,4.0
112,216,5.0
985,79,4.0
313,169,4.0
998,298,4.0
461,471,4.0
708,180,4.0
887,116,4.0
462,260,4.0
865,486,4.0
92,260,5.0
52,5,4.0
805,297,4.0
520,108,5.0
812,343,5.0
98,360,4.0
236,117,4.0
901,357,4.0
374,445,4.0
581,331,4.0
927,439,4.0
557,331,4.0
649,13,4.0
234,142,5.0
32,188,4.0
289,456,5.0
638,281,4.0
579,466,4.0
542,115,4.0
114,428,4.0
204,236,4.0
29,338,5.0
643,10,5.0
474,199,4.0
697,252,4.0
253,50,4.0
798,428,4.0
905,142,4.0
922,271,4.0
386,16,5.0
62,2,4.0
515,158,4.0
430,30,5.0
580,82,5.0
537,31,4.0
691,236,4.0
141,496,4.0
743,333,4.0
300,148,4.0
675,177,4.0
311,370,4.0
471,35,4.0
393,23,4.0
642,106,4.0
445,97,4.0
758,230,4.0
809,227,5.0
172,371,4.0
576,100,5.0
31,445,5.0
47,468,4.0
130,55,4.0
352,195,4.0
978,8,4.0
845,424,5.0
622,315,4.0
581,128,4.0
58,32,4.0
106,93,4.0
812,7,5.0
330,258,4.0
768,341,4.0
824,390,4.0
683,220,4.0
383,240,4.0
985,106,4.0
162,36,4.0
997,416,4.0
286,45,4.0
71,298,5.0
767,309,4.0
454,366,4.0
886,9,4.0
567,459,4.0
835,87,4.0
397,370,4.0
515,331,5.0
26,177,4.0
313,130,4.0
126,195,4.0
408,11,5.0
565,306,4.0
198,419,4.0
811,122,4.0
188,399,4.0
698,235,4.0
817,331,5.0
810,31,4.0
716,348,4.0
484,446,4.0
450,412,4.0
523,224,4.0
871,153,4.0
354,212,4.0
986,92,4.0
658,409,4.0
597,331,4.0
100,467,5.0
616,348,5.0
948,129,4.0
558,443,4.0
556,197,4.0
278,458,4.0
693,42,5.0
699,366,4.0
990,418,5.0
626,228,4.0
491,194,4.0
255,18,4.0
381,333,4.0
892,243,5.0
542,389,4.0
264,276,4.0
610,450,4.0
825,127,4.0
879,75,4.0
329,62,4.0
115,478,5.0
276,480,4.0
488,288,4.0
281,186,5.0
275,178,4.0
773,166,4.0
843,183,4.0
719,28,4.0
896,330,4.0
328,470,4.0
211,247,4.0
727,337,4.0
923,22,5.0
552,427,4.0
992,467,5.0
26,465,4.0
27,472,4.0
702,420,4.0
83,96,4.0
896,122,4.0
946,250,4.0
682,494,4.0
413,379,4.0
167,308,4.0
700,420,4.0
169,412,4.0
801,334,4.0
979,442,4.0
229,420,4.0
979,326,4.0
609,137,4.0
367,277,4.0
528,320,5.0
791,332,4.0
647,61,4.0
538,250,5.0
864,478,4.0
524,95,5.0
72,296,5.0
645,184,4.0
106,260,4.0
732,287,4.0
885,155,4.0
965,186,4.0
689,409,4.0
282,69,4.0
133,326,5.0
534,261,4.0
975,115,5.0
269,347,5.0
412,8,4.0
673,265,4.0
619,271,4.0
791,484,4.0
865,249,4.0
747,105,4.0
18,263,4.0
754,224,4.0
117,328,5.0
798,495,4.0
794,371,4.0
144,271,4.0
717,165,4.0
551,83,5.0
929,295,5.0
666,134,5.0
688,211,4.0
961,313,4.0
753,92,4.0
422,337,4.0
898,490,4.0
369,403,5.0
646,127,4.0
558,191,5.0
50,159,4.0
678,331,4.0
106,335,4.0
216,10,4.0
658,107,4.0
923,87,5.0
425,67,4.0
72,62,5.0
988,387,5.0
842,146,4.0
785,153,5.0
759,107,4.0
446,148,5.0
925,186,4.0
186,349,4.0
70,342,4.0
974,178,4.0
150,377,5.0
246,335,5.0
774,487,4.0
538,266,4.0
935,149,4.0
652,247,4.0
99,254,4.0
910,500,4.0
278,29,4.0
563,352,4.0
663,266,4.0
944,13,4.0
455,47,4.0
104,151,5.0
946,50,4.0
601,215,4.0
653,479,4.0
725,132,4.0
233,372,4.0
394,113,4.0
501,252,4.0
695,451,5.0
251,341,4.0
521,53,4.0
79,130,4.0
52,324,4.0
898,193,4.0
921,79,4.0
781,57,4.0
226,97,4.0
51,198,4.0
186,135,4.0
34,147,5.0
803,172,4.0
742,63,4.0
131,65,4.0
632,295,5.0
443,211,4.0
838,109,4.0
759,282,5.0
432,172,5.0
704,12,4.0
497,406,4.0
403,333,4.0
323,220,4.0
210,398,5.0
615,342,5.0
329,286,5.0
372,172,5.0
460,468,4.0
133,236,4.0
835,475,5.0
651,166,4.0
121,187,4.0
606,170,4.0
452,52,4.0
965,319,4.0
129,189,4.0
91,120,4.0
604,105,4.0
575,162,5.0
29,295,5.0
722,41,4.0
524,377,5.0
333,364,5.0
297,165,4.0
130,321,4.0
293,374,4.0
173,335,4.0
720,160,4.0
944,264,4.0
24,353,4.0
99,18,4.0
406,173,4.0
356,477,4.0
139,352,4.0
503,33,4.0
826,261,4.0
174,210,4.0
29,496,4.0
931,383,5.0
496,330,4.0
655,382,4.0
828,164,4.0
351,481,4.0
554,407,4.0
299,424,5.0
720,5,4.0
842,34,5.0
945,280,4.0
192,145,4.0
672,351,4.0
64,71,4.0
755,465,5.0
770,348,4.0
664,230,4.0
215,125,4.0
834,278,4.0
166,271,5.0
543,357,4.0
883,15,4.0
232,242,4.0
794,498,4.0
541,153,5.0
195,53,4.0
506,149,4.0
334,358,5.0
768,450,4.0
793,219,5.0
304,113,4.0
833,288,5.0
437,277,4.0
323,452,4.0
502,428,4.0
858,83,5.0
914,450,4.0
393,218,4.0
806,226,5.0
599,270,4.0
149,15,4.0
761,404,5.0
833,290,4.0
405,420,5.0
283,339,4.0
362,265,4.0
379,199,4.0
198,158,4.0
556,333,4.0
356,475,5.0
540,447,4.0
429,492,5.0
17,419,4.0
639,397,4.0
379,207,4.0
680,174,4.0
506,184,4.0
756,265,4.0
899,493,5.0
76,471,5.0
231,246,4.0
716,36,4.0
962,373,4.0
248,488,5.0
302,259,4.0
726,482,4.0
215,19,4.0
158,412,4.0
69,23,4.0
393,104,4.0
85,241,4.0
267,493,4.0
69,391,4.0
611,361,5.0
347,204,4.0
962,253,4.0
728,142,4.0
927,302,5.0
673,143,4.0
423,451,4.0
606,271,4.0
174,307,4.0
677,472,5.0
115,500,4.0
220,110,4.0
956,8,4.0
31,69,4.0
523,190,4.0
343,179,4.0
377,63,4.0
130,68,4.0
1000,206,4.0
617,400,5.0
539,468,5.0
739,408,4.0
2,6,4.0
871,119,5.0
101,313,5.0
533,31,4.0
58,6,5.0
389,483,5.0
692,207,4.0
941,157,4.0
341,67,5.0
861,459,4.0
20,387,5.0
255,412,5.0
317,330,5.0
38,370,4.0
660,353,4.0
537,432,4.0
386,336,5.0
633,379,5.0
928,394,4.0
26,289,4.0
454,484,4.0
681,451,4.0
323,453,4.0
737,140,4.0
513,441,5.0
819,300,5.0
773,13,4.0
13,152,4.0
915,428,4.0
908,313,4.0
560,352,5.0
921,400,5.0
825,480,4.0
371,109,4.0
291,485,5.0
332,376,4.0
606,356,4.0
261,149,4.0
994,367,5.0
790,204,4.0
871,307,4.0
205,21,4.0
697,60,5.0
687,435,4.0
950,21,4.0
387,363,4.0
892,382,4.0
821,245,4.0
468,390,4.0
415,73,4.0
69,449,4.0
472,76,4.0
104,186,4.0
758,78,4.0
161,390,4.0
200,65,4.0
216,342,5.0
946,290,4.0
212,56,4.0
508,331,5.0
16,259,5.0
498,426,5.0
884,190,4.0
332,6,5.0
717,6,4.0
877,191,4.0
551,148,5.0
601,405,4.0
942,258,4.0
256,218,4.0
992,479,4.0
766,90,4.0
728,312,4.0
880,352,4.0
815,10,4.0
172,87,5.0
649,250,4.0
1000,326,4.0
498,151,5.0
471,476,5.0
384,113,4.0
690,30,4.0
589,128,4.0
700,78,4.0
507,421,4.0
992,55,4.0
527,480,4.0
804,305,4.0
831,34,5.0
325,105,4.0
214,172,4.0
208,499,4.0
169,22,4.0
330,287,4.0
280,391,4.0
978,105,4.0
305,149,4.0
146,272,5.0
775,276,4.0
516,299,4.0
90,172,5.0
453,47,4.0
60,114,4.0
311,275,4.0
528,304,4.0
227,480,4.0
474,207,4.0
978,453,5.0
541,395,4.0
663,463,4.0
757,413,4.0
782,242,4.0
79,301,4.0
433,196,4.0
801,497,4.0
153,164,4.0
789,176,4.0
401,343,5.0
279,271,5.0
57,110,4.0
977,172,5.0
186,451,4.0
398,352,4.0
605,202,4.0
788,168,4.0
158,102,4.0
787,86,4.0
693,142,4.0
359,447,4.0
440,337,4.0
589,213,4.0
466,51,4.0
663,112,4.0
446,463,4.0
750,442,4.0
801,271,4.0
743,65,4.0
488,344,4.0
530,183,4.0
73,332,5.0
929,10,5.0
928,494,4.0
701,234,4.0
950,298,4.0
17,244,4.0
531,351,4.0
731,267,4.0
326,118,4.0
995,144,4.0
632,381,4.0
613,201,5.0
546,239,4.0
596,334,4.0
921,403,4.0
708,415,4.0
842,457,4.0
202,484,4.0
344,437,4.0
853,487,4.0
523,246,5.0
859,346,4.0
400,8,4.0
218,152,4.0
445,392,4.0
765,211,4.0
222,367,4.0
383,432,5.0
881,158,4.0
592,58,5.0
7,86,5.0
272,55,4.0
739,201,4.0
16,122,4.0
424,446,4.0
524,108,4.0
803,304,4.0
753,132,4.0
21,421,4.0
690,392,4.0
939,385,4.0
228,476,5.0
785,198,4.0
288,47,4.0
809,228,4.0
134,245,4.0
984,203,5.0
283,261,4.0
404,178,4.0
665,24,4.0
66,175,4.0
649,274,5.0
604,340,4.0
437,412,5.0
829,461,4.0
934,261,4.0
259,286,4.0
980,1,4.0
966,86,4.0
103,338,4.0
993,430,4.0
567,69,4.0
769,31,4.0
101,198,4.0
198,91,4.0
813,440,4.0
226,473,4.0
943,349,5.0
463,383,4.0
237,412,5.0
26,16,4.0
121,310,5.0
910,437,4.0
506,396,4.0
182,276,5.0
711,338,5.0
814,162,4.0
767,437,4.0
634,192,4.0
543,151,4.0
984,365,5.0
315,411,4.0
991,113,4.0
797,273,4.0
618,176,4.0
736,149,4.0
273,178,5.0
910,424,4.0
232,382,5.0
420,223,4.0
768,259,4.0
442,273,4.0
496,189,4.0
24,306,5.0
109,378,4.0
703,90,4.0
502,343,4.0
859,262,4.0
25,156,5.0
187,200,4.0
288,55,5.0
628,254,4.0
338,442,4.0
878,173,4.0
914,200,5.0
37,403,5.0
794,102,4.0
137,285,4.0
508,151,4.0
227,111,4.0
320,416,4.0
840,266,4.0
916,91,4.0
182,177,4.0
874,449,4.0
86,231,5.0
467,29,4.0
926,443,4.0
53,301,4.0
860,195,4.0
867,307,4.0
235,239,4.0
959,357,4.0
779,479,4.0
799,384,4.0
433,267,4.0
496,214,4.0
999,82,4.0
100,128,4.0
990,483,4.0
599,262,5.0
403,67,4.0
396,62,4.0
527,133,4.0
415,137,5.0
939,28,4.0
613,211,4.0
677,476,4.0
463,475,4.0
541,205,4.0
626,253,4.0
619,38,4.0
922,43,4.0
364,117,4.0
130,405,4.0
84,475,4.0
271,190,4.0
244,46,4.0
388,454,4.0
214,166,4.0
818,305,4.0
166,203,4.0
791,495,4.0
59,233,4.0
602,245,4.0
883,209,5.0
843,248,5.0
924,295,4.0
504,327,4.0
706,383,4.0
123,158,4.0
648,405,4.0
413,1,4.0
139,217,4.0
229,416,4.0
274,249,4.0
439,392,4.0
562,69,4.0
910,30,4.0
118,115,4.0
714,8,4.0
995,369,4.0
905,275,4.0
483,492,5.0
395,315,4.0
703,439,5.0
876,414,4.0
460,335,5.0
835,36,4.0
693,311,4.0
935,44,4.0
78,155,5.0
952,77,5.0
412,78,5.0
75,101,4.0
295,438,5.0
793,432,4.0
21,30,4.0
906,39,4.0
171,239,4.0
15,13,4.0
211,122,4.0
560,144,4.0
86,172,4.0
149,455,4.0
700,368,4.0
372,247,4.0
480,247,4.0
818,411,4.0
151,45,4.0
141,253,4.0
69,375,4.0
260,291,4.0
988,207,4.0
846,412,4.0
968,483,4.0
521,7,4.0
633,446,4.0
371,242,4.0
419,110,4.0
101,114,4.0
661,307,4.0
954,302,4.0
658,276,5.0
865,96,4.0
968,294,4.0
243,189,4.0
753,360,4.0
512,288,5.0
849,154,4.0
555,58,4.0
95,423,4.0
226,404,4.0
518,338,4.0
214,50,4.0
718,207,4.0
67,52,4.0
396,342,4.0
612,371,4.0
12,150,4.0
237,53,4.0
834,213,4.0
770,66,4.0
399,232,5.0
407,373,4.0
925,299,5.0
849,338,4.0
480,151,4.0
647,205,4.0
222,320,4.0
156,255,4.0
654,489,5.0
428,137,4.0
158,369,4.0
977,135,4.0
416,425,5.0
326,54,4.0
371,65,4.0
344,2,4.0
262,132,4.0
283,334,4.0
850,32,4.0
856,356,4.0
229,386,4.0
888,360,4.0
280,498,4.0
870,243,4.0
290,192,4.0
680,142,5.0
47,148,5.0
975,89,4.0
715,490,4.0
214,49,4.0
758,136,5.0
24,476,5.0
321,191,4.0
274,430,4.0
556,149,4.0
844,87,4.0
313,416,4.0
363,8,4.0
668,223,4.0
1000,357,5.0
380,16,4.0
711,296,5.0
919,106,4.0
981,283,4.0
674,104,4.0
907,361,4.0
470,146,5.0
746,35,5.0
675,113,4.0
116,308,4.0
605,399,4.0
42,447,5.0
796,53,4.0
379,347,4.0
722,81,4.0
206,104,4.0
466,322,4.0
732,369,4.0
280,242,4.0
648,31,4.0
618,317,4.0
118,192,4.0
237,357,4.0
309,361,5.0
456,233,4.0
900,98,4.0
475,34,5.0
100,243,4.0
261,439,4.0
993,59,4.0
305,259,4.0
354,17,4.0
286,78,5.0
328,206,4.0
103,302,4.0
63,166,4.0
687,291,4.0
282,385,5.0
441,112,4.0
293,413,4.0
738,388,4.0
7,317,4.0
639,353,4.0
936,145,5.0
92,156,4.0
935,178,4.0
190,346,4.0
871,136,4.0
476,418,4.0
511,315,4.0
462,18,5.0
53,351,4.0
754,443,4.0
486,155,4.0
644,272,4.0
490,266,5.0
978,360,4.0
364,332,4.0
112,406,4.0
409,16,4.0
7,12,4.0
742,75,4.0
668,212,4.0
197,179,4.0
835,129,4.0
876,283,4.0
735,195,4.0
367,268,5.0
250,30,4.0
916,9,4.0
595,309,4.0
240,445,5.0
380,310,4.0
907,165,4.0
872,193,4.0
835,426,4.0
471,305,4.0
775,260,5.0
919,192,4.0
701,79,4.0
455,179,4.0
366,91,4.0
290,456,4.0
874,444,4.0
403,215,4.0
58,79,4.0
521,475,5.0
304,415,4.0
115,103,5.0
210,111,4.0
41,456,5.0
816,478,4.0
173,314,4.0
234,247,4.0
793,234,4.0
884,82,4.0
590,132,4.0
620,495,4.0
793,235,4.0
403,278,4.0
39,387,4.0
119,335,4.0
335,99,4.0
336,431,4.0
539,38,4.0
616,161,5.0
74,462,5.0
191,432,4.0
324,449,4.0
147,117,5.0
767,241,5.0
284,26,5.0
213,136,4.0
635,50,5.0
718,464,5.0
929,294,4.0
752,394,4.0
394,298,4.0
339,293,4.0
798,154,4.0
22,220,5.0
771,140,5.0
869,468,5.0
105,49,4.0
466,142,4.0
459,46,5.0
432,163,4.0
770,285,4.0
716,268,4.0
822,116,5.0
774,82,4.0
619,44,5.0
763,194,4.0
936,258,4.0
221,443,4.0
379,273,4.0
222,394,4.0
258,274,4.0
713,278,4.0
367,83,4.0
770,58,4.0
349,53,4.0
225,1,4.0
714,216,4.0
738,317,4.0
236,228,4.0
183,473,4.0
712,484,4.0
869,254,4.0
758,159,4.0
444,287,4.0
865,66,4.0
623,403,5.0
6,309,4.0
236,460,4.0
127,458,4.0
104,95,4.0
749,493,4.0
915,253,4.0
480,150,4.0
155,23,4.0
257,244,5.0
235,215,4.0
500,399,5.0
289,410,5.0
510,131,4.0
552,343,4.0
800,148,4.0
709,381,4.0
785,109,4.0
894,40,4.0
776,121,4.0
569,295,4.0
298,120,4.0
610,456,4.0
137,18,5.0
376,169,5.0
87,198,5.0
419,411,5.0
754,484,4.0
199,143,4.0
463,37,4.0
437,186,5.0
310,261,5.0
596,231,4.0
754,254,4.0
281,329,4.0
323,391,4.0
764,297,4.0
702,468,5.0
951,10,4.0
942,446,4.0
152,410,5.0
994,324,4.0
302,230,5.0
278,24,5.0
651,78,4.0
688,425,5.0
8,193,4.0
807,401,4.0
235,109,5.0
675,280,4.0
561,411,4.0
302,263,4.0
38,329,4.0
136,363,5.0
822,355,5.0
421,378,4.0
219,268,4.0
348,341,4.0
808,259,4.0
546,335,5.0
864,85,5.0
79,10,4.0
748,289,4.0
895,302,4.0
273,59,4.0
161,308,5.0
687,262,5.0
878,386,4.0
308,285,4.0
374,119,5.0
976,168,4.0
733,353,4.0
9,189,5.0
801,452,5.0
444,251,4.0
113,324,4.0
989,413,4.0
205,229,4.0
405,190,4.0
698,316,4.0
853,124,4.0
197,84,4.0
778,297,4.0
774,215,4.0
760,237,4.0
115,466,4.0
121,113,4.0
653,217,4.0
65,321,4.0
276,246,4.0
825,448,4.0
239,335,5.0
302,319,4.0
392,482,4.0
522,432,4.0
969,404,4.0
369,374,4.0
233,37,4.0
195,64,4.0
907,219,4.0
12,342,4.0
906,499,4.0
921,389,4.0
689,34,4.0
177,39,5.0
217,67,4.0
11,209,4.0
446,318,5.0
630,344,5.0
164,152,4.0
551,387,4.0
53,365,4.0
218,199,4.0
718,89,4.0
999,248,4.0
824,323,4.0
360,79,4.0
385,477,4.0
56,434,4.0
118,285,4.0
900,330,4.0
253,32,4.0
798,87,4.0
780,39,4.0
803,393,4.0
845,101,4.0
180,244,4.0
415,232,4.0
870,398,4.0
235,68,4.0
855,192,5.0
708,404,5.0
820,28,4.0
80,270,5.0
647,428,4.0
22,226,5.0
477,77,4.0
843,223,4.0
440,481,4.0
737,372,4.0
570,167,4.0
93,284,4.0
192,192,4.0
103,89,4.0
396,32,4.0
7,137,4.0
640,156,4.0
567,250,4.0
231,95,5.0
874,17,4.0
574,117,4.0
240,471,4.0
90,333,4.0
232,311,4.0
457,10,4.0
233,80,4.0
354,134,4.0
333,432,4.0
439,203,4.0
375,116,4.0
292,451,4.0
345,220,5.0
664,253,4.0
428,169,4.0
657,335,4.0
130,316,5.0
141,205,4.0
415,298,4.0
93,372,4.0
626,248,4.0
284,365,4.0
956,465,4.0
923,71,4.0
655,156,4.0
223,102,4.0
744,13,5.0
463,465,5.0
545,271,4.0
276,292,5.0
682,220,4.0
140,15,4.0
357,238,4.0
713,117,4.0
23,331,4.0
968,56,4.0
736,351,5.0
880,132,4.0
270,483,4.0
859,226,4.0
665,308,5.0
333,475,4.0
85,394,4.0
621,222,4.0
31,173,5.0
741,340,5.0
240,285,4.0
890,309,4.0
363,157,4.0
822,151,4.0
389,185,5.0
653,178,4.0
668,21,4.0
299,112,5.0
857,171,4.0
371,138,4.0
99,233,4.0
47,332,5.0
999,30,4.0
839,381,4.0
422,307,4.0
480,161,4.0
579,402,4.0
62,78,4.0
109,278,4.0
679,320,4.0
549,21,4.0
119,385,4.0
598,497,5.0
382,363,5.0
392,372,4.0
977,380,4.0
52,143,5.0
603,36,4.0
289,303,4.0
337,438,4.0
810,214,4.0
204,32,4.0
880,186,5.0
238,174,4.0
382,54,4.0
667,161,4.0
752,250,4.0
136,489,4.0
407,251,4.0
508,423,5.0
362,279,4.0
381,171,5.0
881,183,4.0
576,2,4.0
635,194,4.0
254,166,4.0
477,247,5.0
114,499,4.0
20,413,5.0
528,244,4.0
145,110,4.0
208,380,4.0
531,323,4.0
376,487,4.0
504,71,5.0
904,164,4.0
166,285,5.0
550,375,4.0
181,421,4.0
861,113,5.0
617,228,5.0
612,471,4.0
602,301,4.0
927,16,5.0
812,496,5.0
444,31,4.0
332,162,4.0
503,306,4.0
913,193,4.0
79,210,4.0
585,378,4.0
935,446,4.0
938,232,5.0
688,427,4.0
396,184,4.0
608,15,4.0
857,432,4.0
103,305,5.0
402,209,4.0
975,172,4.0
224,266,5.0
518,20,4.0
634,70,4.0
236,8,4.0
427,429,4.0
116,34,4.0
163,224,4.0
226,179,4.0
230,246,5.0
182,490,4.0
249,260,4.0
318,108,4.0
965,242,5.0
210,423,5.0
656,468,5.0
392,24,4.0
857,216,4.0
96,55,5.0
894,26,4.0
858,281,4.0
756,292,4.0
86,327,4.0
415,458,4.0
394,186,4.0
696,495,4.0
633,12,4.0
844,129,4.0
501,372,4.0
604,434,4.0
582,409,4.0
916,208,4.0
133,133,4.0
791,339,4.0
649,196,4.0
314,262,4.0
699,282,5.0
221,369,4.0
976,103,4.0
438,120,4.0
46,183,4.0
790,423,4.0
192,9,5.0
520,45,4.0
379,244,4.0
788,270,4.0
691,112,4.0
334,55,4.0
39,393,4.0
293,15,4.0
690,37,4.0
162,178,4.0
331,127,5.0
886,117,5.0
104,340,4.0
161,72,4.0
799,352,4.0
635,111,4.0
54,149,4.0
940,185,4.0
34,105,4.0
242,147,4.0
967,221,4.0
890,314,4.0
113,351,5.0
318,374,5.0
23,6,4.0
558,260,4.0
824,299,4.0
647,349,4.0
118,42,4.0
985,259,4.0
701,385,4.0
643,492,4.0
934,439,4.0
212,271,5.0
418,47,4.0
113,85,4.0
44,174,4.0
128,58,4.0
876,479,4.0
158,199,4.0
785,209,4.0
827,248,5.0
394,211,4.0
867,39,4.0
852,252,4.0
512,131,4.0
914,414,4.0
45,291,5.0
108,250,4.0
219,441,4.0
443,413,4.0
830,434,4.0
315,446,4.0
177,52,4.0
228,374,4.0
703,14,4.0
983,419,4.0
672,156,4.0
906,442,4.0
267,30,4.0
870,90,4.0
838,391,4.0
379,167,4.0
489,351,4.0
702,69,4.0
687,163,4.0
290,242,4.0
996,495,4.0
357,383,4.0
657,52,4.0
744,142,5.0
872,63,4.0
950,292,4.0
204,91,4.0
213,152,4.0
552,424,4.0
787,157,4.0
323,309,4.0
594,365,5.0
181,150,4.0
499,328,4.0
320,271,5.0
83,369,4.0
303,69,4.0
262,116,4.0
784,192,4.0
200,4,4.0
240,75,4.0
914,402,4.0
692,298,4.0
944,241,4.0
683,30,5.0
295,143,4.0
512,326,4.0
689,183,4.0
881,437,4.0
396,16,4.0
749,111,5.0
138,360,4.0
839,201,5.0
878,107,5.0
823,379,4.0
129,162,4.0
49,283,4.0
676,269,4.0
789,484,4.0
293,155,4.0
628,73,4.0
536,197,4.0
311,243,4.0
537,86,4.0
903,287,4.0
639,259,4.0
234,286,5.0
209,149,4.0
605,355,5.0
94,390,4.0
327,476,4.0
225,416,4.0
967,426,4.0
890,485,4.0
792,190,5.0
11,217,4.0
329,416,5.0
12,355,4.0
35,86,4.0
447,216,4.0
452,423,5.0
740,320,4.0
220,118,4.0
441,414,4.0
653,447,4.0
535,370,4.0
595,480,4.0
229,415,4.0
935,87,4.0
344,40,4.0
80,161,4.0
353,191,4.0
396,25,4.0
290,420,4.0
455,152,5.0
843,95,4.0
671,442,4.0
989,423,4.0
128,46,4.0
702,461,4.0
909,138,4.0
543,471,5.0
898,466,5.0
359,288,4.0
527,353,5.0
313,164,4.0
75,412,4.0
546,400,4.0
871,16,4.0
196,18,4.0
843,136,4.0
29,490,5.0
706,464,4.0
16,247,4.0
423,248,4.0
589,331,4.0
805,198,4.0
593,1,4.0
405,190,5.0
940,381,4.0
636,460,4.0
531,294,4.0
967,476,5.0
614,45,4.0
904,442,4.0
77,337,5.0
229,385,4.0
962,32,4.0
297,392,4.0
510,118,4.0
715,296,4.0
984,184,4.0
966,191,4.0
573,235,4.0
538,238,4.0
583,216,4.0
615,74,5.0
979,111,4.0
326,103,4.0
363,359,4.0
669,74,4.0
875,420,4.0
359,473,4.0
706,252,4.0
787,114,4.0
324,379,5.0
698,313,4.0
326,330,4.0
625,339,5.0
825,238,5.0
165,173,5.0
573,79,4.0
604,464,4.0
798,386,4.0
455,93,4.0
969,452,4.0
153,50,4.0
737,285,4.0
127,223,4.0
193,81,4.0
627,266,4.0
774,155,5.0
530,373,4.0
10,233,5.0
92,399,4.0
139,316,5.0
481,236,5.0
449,159,4.0
333,405,4.0
869,316,4.0
340,251,5.0
961,314,5.0
52,425,4.0
707,430,4.0
466,301,4.0
718,380,4.0
799,282,5.0
475,102,4.0
401,51,4.0
439,420,4.0
878,52,4.0
605,209,4.0
932,307,4.0
997,131,4.0
922,270,4.0
821,433,4.0
657,205,4.0
598,489,5.0
509,219,5.0
153,257,4.0
514,185,4.0
503,145,4.0
854,496,4.0
901,178,5.0
772,482,4.0
676,14,5.0
6,246,4.0
500,187,4.0
661,337,4.0
717,259,4.0
118,354,4.0
485,40,5.0
601,89,4.0
666,125,4.0
951,450,4.0
679,418,4.0
468,474,4.0
161,351,4.0
270,9,4.0
56,350,4.0
228,84,4.0
849,21,4.0
149,477,4.0
46,281,5.0
144,358,5.0
750,378,5.0
784,172,4.0
632,25,4.0
340,393,5.0
413,103,4.0
732,190,4.0
520,236,5.0
344,410,4.0
387,313,4.0
473,37,5.0
275,272,4.0
353,293,4.0
66,332,4.0
79,152,4.0
598,282,5.0
636,20,4.0
202,137,4.0
978,471,4.0
662,359,4.0
558,29,4.0
113,31,4.0
91,19,4.0
141,148,5.0
289,471,4.0
901,491,5.0
730,283,5.0
589,350,4.0
411,341,5.0
377,300,5.0
384,163,4.0
846,113,4.0
152,455,4.0
835,150,4.0
751,330,4.0
627,255,5.0
319,87,4.0
369,399,4.0
606,350,4.0
995,98,4.0
560,397,4.0
703,132,4.0
462,466,4.0
12,312,4.0
156,407,4.0
684,97,4.0
477,98,4.0
939,290,4.0
401,356,5.0
808,227,5.0
177,145,4.0
341,156,4.0
57,270,4.0
855,162,4.0
852,112,4.0
448,331,4.0
203,185,4.0
697,205,4.0
633,97,5.0
738,377,4.0
202,55,4.0
330,450,4.0
363,482,4.0
892,117,5.0
454,93,4.0
356,293,5.0
216,452,5.0
972,204,5.0
555,282,4.0
887,189,4.0
23,476,4.0
155,323,4.0
186,84,5.0
249,458,4.0
749,180,5.0
805,274,4.0
134,181,4.0
321,447,5.0
390,181,4.0
434,283,5.0
22,287,4.0
873,475,4.0
600,106,4.0
665,129,5.0
125,262,4.0
79,11,4.0
858,162,4.0
968,487,5.0
51,468,4.0
728,447,4.0
176,181,4.0
870,213,4.0
253,469,5.0
966,274,4.0
246,21,4.0
739,275,4.0
106,260,4.0
193,333,5.0
316,466,4.0
302,116,4.0
548,413,5.0
954,25,4.0
716,440,4.0
934,333,4.0
779,254,4.0
268,447,4.0
170,411,4.0
551,444,5.0
455,211,5.0
651,305,4.0
292,321,4.0
564,422,4.0
799,339,4.0
801,436,4.0
141,257,4.0
146,168,4.0
425,337,4.0
314,21,4.0
184,86,4.0
664,15,4.0
713,50,4.0
128,487,4.0
287,304,5.0
823,487,4.0
253,416,5.0
778,305,4.0
700,196,4.0
386,364,5.0
230,301,4.0
271,288,4.0
771,388,5.0
811,245,4.0
415,449,4.0
198,353,5.0
323,455,5.0
56,201,4.0
831,193,4.0
203,336,5.0
783,146,4.0
621,310,4.0
628,127,4.0
604,175,4.0
138,134,4.0
422,66,5.0
815,393,4.0
57,452,4.0
562,365,5.0
71,279,4.0
911,246,4.0
914,363,4.0
594,237,4.0
372,171,4.0
617,51,4.0
600,328,4.0
514,359,5.0
872,153,5.0
84,80,4.0
994,419,4.0
43,145,4.0
666,274,4.0
839,155,4.0
934,399,4.0
606,337,4.0
810,363,4.0
133,325,4.0
395,336,4.0
65,143,5.0
290,298,4.0
376,494,4.0
769,34,4.0
467,304,5.0
898,467,4.0
213,392,4.0
148,239,4.0
573,138,4.0
471,254,5.0
149,5,4.0
88,372,4.0
324,176,4.0
895,373,4.0
396,410,4.0
790,214,4.0
404,364,5.0
82,23,5.0
641,318,5.0
286,13,4.0
382,393,4.0
865,241,4.0
792,276,4.0
270,92,4.0
292,108,4.0
453,441,4.0
715,229,4.0
24,152,4.0
956,108,4.0
863,289,4.0
311,404,4.0
461,444,4.0
208,176,5.0
792,320,5.0
717,286,4.0
664,364,4.0
438,329,4.0
538,365,5.0
706,241,4.0
336,145,5.0
422,356,4.0
750,14,4.0
321,275,4.0
497,71,4.0
587,315,4.0
947,195,4.0
163,353,4.0
811,300,4.0
541,416,4.0
165,367,4.0
849,11,4.0
698,106,4.0
566,258,4.0
295,474,4.0
42,381,4.0
924,196,4.0
285,145,4.0
939,465,4.0
387,220,5.0
138,350,4.0
187,424,4.0
910,471,4.0
716,174,4.0
431,216,4.0
554,93,5.0
862,260,4.0
416,422,5.0
800,63,4.0
426,29,4.0
416,275,4.0
26,347,4.0
371,285,4.0
385,484,4.0
56,419,4.0
253,372,4.0
634,70,5.0
106,379,4.0
130,279,4.0
849,231,4.0
670,302,4.0
376,255,4.0
743,172,4.0
967,432,4.0
308,180,4.0
91,264,4.0
393,183,4.0
534,322,4.0
802,205,4.0
110,424,4.0
561,249,5.0
641,213,4.0
585,159,4.0
340,500,4.0
565,432,5.0
979,100,4.0
356,317,5.0
892,112,4.0
168,308,4.0
557,166,4.0
452,475,4.0
905,36,4.0
105,112,4.0
150,87,5.0
146,183,4.0
716,85,4.0
874,269,4.0
299,165,4.0
167,303,4.0
713,90,4.0
646,488,4.0
723,455,4.0
48,238,4.0
638,487,4.0
239,22,4.0
7,167,5.0
464,215,4.0
453,58,4.0
784,30,4.0
897,402,4.0
371,106,4.0
549,402,4.0
487,494,5.0
211,330,4.0
165,167,4.0
125,350,5.0
337,154,4.0
192,327,4.0
730,7,4.0
214,197,4.0
574,321,4.0
328,46,5.0
957,18,4.0
381,397,5.0
673,153,4.0
578,488,4.0
798,264,4.0
239,74,4.0
532,416,4.0
700,145,4.0
82,102,4.0
363,335,5.0
505,335,4.0
202,121,5.0
920,176,4.0
504,63,5.0
644,296,4.0
37,499,4.0
644,84,5.0
589,15,4.0
601,355,5.0
973,134,4.0
402,478,4.0
765,121,4.0
856,319,4.0
706,392,4.0
176,479,4.0
545,128,5.0
570,368,4.0
467,367,5.0
201,288,5.0
540,301,4.0
547,378,4.0
999,180,4.0
637,463,5.0
394,82,5.0
833,13,4.0
42,24,4.0
597,168,5.0
393,270,4.0
700,476,5.0
623,459,4.0
783,70,4.0
995,318,4.0
441,376,4.0
837,89,5.0
617,189,4.0
506,257,5.0
918,217,4.0
320,450,5.0
553,382,4.0
215,32,4.0
71,141,4.0
568,161,4.0
919,32,4.0
236,312,4.0
281,152,4.0
987,347,5.0
617,260,5.0
902,216,4.0
887,279,4.0
162,285,4.0
191,98,4.0
9,405,4.0
60,30,4.0
893,90,4.0
817,148,4.0
225,144,4.0
819,67,5.0
700,433,4.0
582,357,4.0
805,58,5.0
287,488,4.0
994,428,4.0
169,281,4.0
62,279,5.0
349,236,4.0
442,443,4.0
14,385,4.0
164,353,4.0
420,399,4.0
757,128,4.0
847,337,5.0
520,482,5.0
666,209,4.0
548,436,4.0
560,186,5.0
597,169,5.0
28,172,5.0
708,260,4.0
446,205,4.0
208,452,4.0
470,135,4.0
716,46,5.0
976,9,4.0
819,471,5.0
104,161,4.0
742,289,5.0
426,340,4.0
101,388,4.0
541,321,4.0
639,106,4.0
850,290,5.0
522,475,4.0
106,341,4.0
679,88,4.0
978,463,5.0
769,483,4.0
807,192,4.0
277,153,4.0
65,311,4.0
783,137,4.0
900,273,4.0
188,149,5.0
317,188,4.0
916,141,4.0
138,131,4.0
343,452,4.0
105,4,4.0
546,491,4.0
380,476,5.0
110,263,4.0
944,26,4.0
545,459,4.0
354,24,5.0
743,491,4.0
317,266,4.0
266,229,4.0
694,269,4.0
852,125,5.0
65,172,4.0
333,234,5.0
513,295,4.0
133,403,5.0
592,435,4.0
783,275,4.0
753,76,4.0
540,308,4.0
735,214,4.0
535,431,4.0
496,485,4.0
621,376,5.0
619,158,4.0
657,302,4.0
369,204,4.0
866,477,4.0
909,149,4.0
910,75,4.0
651,380,4.0
796,229,4.0
810,304,4.0
992,62,4.0
99,58,5.0
317,274,4.0
123,108,5.0
320,187,4.0
799,475,4.0
593,229,4.0
495,48,4.0
457,319,4.0
522,268,4.0
520,215,4.0
917,290,5.0
717,254,4.0
315,445,4.0
946,358,4.0
709,87,4.0
710,181,4.0
542,25,4.0
479,446,5.0
913,388,4.0
971,222,4.0
20,478,4.0
560,397,4.0
969,426,5.0
130,49,4.0
293,334,5.0
897,440,4.0
132,175,4.0
356,392,4.0
54,311,4.0
890,472,4.0
793,274,4.0
387,35,4.0
265,217,4.0
982,209,4.0
215,160,4.0
460,408,4.0
458,7,4.0
802,269,4.0
43,126,5.0
586,475,4.0
862,368,4.0
278,325,4.0
838,356,4.0
754,90,5.0
130,42,4.0
350,365,5.0
706,159,4.0
544,202,4.0
106,366,5.0
912,282,4.0
716,470,4.0
1,332,4.0
757,288,4.0
584,91,5.0
432,481,4.0
306,125,4.0
909,126,5.0
527,52,4.0
53,404,4.0
940,103,4.0
520,361,4.0
330,424,5.0
558,187,4.0
325,205,5.0
114,14,4.0
147,428,4.0
166,104,5.0
379,117,4.0
139,470,4.0
629,466,4.0
299,304,4.0
276,93,4.0
916,427,4.0
789,144,4.0
850,110,4.0
825,163,4.0
178,53,4.0
842,418,4.0
354,3,5.0
154,68,4.0
926,246,4.0
201,389,4.0
878,138,5.0
115,308,4.0
671,413,4.0
554,352,4.0
759,287,4.0
68,66,4.0
445,460,4.0
445,347,4.0
326,325,4.0
846,421,4.0
708,155,4.0
602,87,4.0
623,33,4.0
880,68,5.0
359,187,4.0
145,192,4.0
275,213,4.0
509,88,4.0
179,428,4.0
753,351,4.0
838,108,4.0
831,240,4.0
477,216,4.0
843,177,4.0
976,53,4.0
414,330,4.0
153,49,4.0
104,369,4.0
75,114,4.0
128,450,4.0
711,95,5.0
666,447,4.0
568,25,4.0
790,132,4.0
345,179,4.0
531,395,4.0
159,145,4.0
538,364,4.0
426,450,5.0
681,198,4.0
996,457,4.0
23,325,4.0
47,84,4.0
525,157,5.0
729,85,4.0
834,457,5.0
706,476,4.0
144,253,5.0
585,375,4.0
668,72,4.0
589,223,5.0
419,276,5.0
681,283,4.0
973,264,4.0
799,246,4.0
85,341,4.0
416,61,4.0
694,412,5.0
482,471,4.0
456,454,4.0
827,259,4.0
297,453,4.0
112,457,4.0
962,7,4.0
230,188,4.0
96,4,4.0
950,231,4.0
680,133,4.0
378,395,5.0
156,125,4.0
421,15,4.0
105,448,4.0
705,482,4.0
330,13,4.0
439,118,4.0
132,240,4.0
867,263,4.0
382,360,4.0
138,6,4.0
943,440,4.0
843,320,4.0
270,231,4.0
550,434,4.0
396,30,4.0
557,22,5.0
913,409,4.0
464,156,5.0
675,118,5.0
450,340,4.0
331,423,4.0
253,451,4.0
681,389,4.0
963,193,4.0
285,399,4.0
274,346,4.0
20,195,4.0
239,168,4.0
270,377,4.0
418,489,4.0
945,239,4.0
310,362,4.0
31,482,4.0
826,244,5.0
104,69,4.0
682,95,4.0
186,499,4.0
128,77,4.0
210,171,4.0
414,1,5.0
281,406,5.0
959,62,4.0
253,207,4.0
19,154,4.0
712,274,4.0
732,48,4.0
136,137,4.0
223,1,4.0
3,235,4.0
963,393,5.0
236,256,4.0
854,407,4.0
465,107,4.0
228,173,4.0
913,130,4.0
654,398,4.0
499,294,4.0
521,40,5.0
702,447,4.0
862,338,4.0
917,16,4.0
972,127,4.0
677,373,4.0
992,349,4.0
139,492,5.0
276,203,4.0
291,134,4.0
53,259,4.0
687,14,4.0
110,66,4.0
715,480,5.0
948,351,4.0
648,459,4.0
4,342,5.0
667,195,5.0
684,114,4.0
936,159,4.0
870,161,4.0
47,254,4.0
94,472,5.0
940,385,4.0
560,428,4.0
752,15,5.0
859,37,4.0
213,155,4.0
436,486,5.0
852,432,4.0
508,27,4.0
836,492,4.0
651,12,4.0
205,67,4.0
381,30,4.0
73,96,4.0
516,215,4.0
76,194,5.0
841,135,4.0
77,290,4.0
816,32,4.0
768,373,4.0
410,39,5.0
614,352,4.0
106,427,4.0
845,427,5.0
551,206,4.0
476,387,4.0
826,430,4.0
275,416,4.0
88,43,4.0
723,484,4.0
881,337,4.0
77,496,4.0
77,259,4.0
442,249,4.0
540,74,4.0
245,373,4.0
578,319,5.0
778,367,4.0
382,296,4.0
982,274,4.0
717,323,4.0
570,359,4.0
713,190,4.0
737,138,4.0
142,436,4.0
893,457,5.0
368,302,4.0
84,311,5.0
143,430,4.0
352,331,4.0
545,444,4.0
913,353,4.0
152,484,4.0
158,282,5.0
446,411,4.0
653,166,4.0
958,278,4.0
763,26,4.0
303,470,4.0
624,453,4.0
656,419,5.0
450,450,4.0
721,483,4.0
224,73,4.0
43,115,4.0
264,51,4.0
756,369,4.0
3,402,4.0
637,171,4.0
268,268,5.0
596,3,5.0
16,210,4.0
334,376,4.0
464,486,4.0
59,391,4.0
177,481,5.0
63,390,4.0
958,338,4.0
561,301,4.0
307,383,4.0
246,342,5.0
289,115,5.0
798,167,4.0
955,435,4.0
332,265,4.0
527,227,4.0
850,151,4.0
255,268,4.0
604,116,4.0
510,88,5.0
791,318,4.0
718,242,4.0
606,360,4.0
737,329,4.0
813,333,4.0
830,40,4.0
463,182,4.0
199,490,4.0
271,209,4.0
746,391,4.0
558,273,4.0
64,119,4.0
230,382,4.0
942,434,5.0
952,24,4.0
249,258,4.0
246,483,4.0
940,92,5.0
587,467,4.0
157,161,4.0
735,149,4.0
702,117,4.0
985,458,4.0
564,53,4.0
950,302,4.0
88,45,5.0
313,265,4.0
851,486,4.0
66,262,4.0
662,307,5.0
20,234,4.0
33,375,5.0
840,35,4.0
793,338,4.0
558,437,4.0
73,403,4.0
866,197,4.0
825,25,4.0
343,395,4.0
133,202,4.0
55,273,5.0
61,36,4.0
857,474,4.0
520,223,5.0
272,352,4.0
246,277,5.0
176,18,4.0
628,188,4.0
317,402,4.0
783,257,4.0
705,142,5.0
662,136,5.0
131,450,4.0
102,307,4.0
310,79,4.0
782,444,4.0
292,418,4.0
722,292,4.0
495,62,4.0
361,129,4.0
338,499,4.0
579,341,4.0
10,298,4.0
49,257,4.0
487,480,4.0
623,212,5.0
321,54,4.0
731,175,5.0
569,100,4.0
795,39,4.0
971,414,4.0
625,263,4.0
133,150,4.0
583,121,4.0
83,178,4.0
57,301,5.0
376,330,4.0
349,120,4.0
271,72,5.0
483,219,4.0
111,394,4.0
869,398,4.0
887,302,4.0
76,123,5.0
158,244,4.0
532,374,4.0
933,75,4.0
643,6,4.0
329,21,5.0
122,190,4.0
41,225,4.0
167,403,4.0
922,103,5.0
642,344,4.0
23,466,4.0
279,99,4.0
763,500,4.0
469,318,4.0
400,363,4.0
9,485,5.0
13,83,4.0
924,181,4.0
923,152,4.0
819,56,5.0
832,190,4.0
52,418,5.0
209,22,4.0
550,68,4.0
612,185,5.0
705,10,4.0
402,66,4.0
191,264,4.0
51,225,5.0
393,123,4.0
653,38,5.0
680,491,4.0
823,123,5.0
621,318,4.0
719,156,4.0
939,394,5.0
300,301,5.0
622,321,4.0
196,482,4.0
417,67,4.0
664,393,4.0
420,133,4.0
755,362,5.0
640,394,4.0
617,140,4.0
522,82,4.0
356,58,4.0
148,149,4.0
365,405,4.0
364,449,4.0
971,131,5.0
652,69,4.0
702,345,4.0
402,250,4.0
606,320,4.0
492,177,4.0
229,72,4.0
575,17,4.0
852,329,4.0
537,160,4.0
268,70,4.0
405,113,4.0
793,232,4.0
11,21,5.0
320,135,4.0
713,263,4.0
126,111,4.0
306,487,4.0
702,246,4.0
511,283,4.0
89,8,4.0
355,457,5.0
628,284,4.0
352,207,4.0
689,194,5.0
14,455,4.0
257,47,4.0
209,466,4.0
281,342,4.0
443,242,5.0
840,10,4.0
837,370,4.0
389,289,5.0
617,391,4.0
483,131,4.0
147,270,4.0
279,428,4.0
521,302,5.0
630,61,4.0
606,164,4.0
434,13,4.0
144,272,4.0
289,208,4.0
386,246,4.0
14,133,4.0
257,244,4.0
346,473,4.0
698,294,4.0
345,486,4.0
400,434,5.0
207,38,4.0
858,359,4.0
943,56,4.0
172,319,4.0
464,376,4.0
270,48,4.0
221,105,4.0
152,474,5.0
623,59,5.0
183,77,5.0
399,428,4.0
851,499,4.0
72,218,4.0
418,383,4.0
898,55,4.0
283,55,4.0
74,129,4.0
355,392,4.0
727,383,4.0
497,388,4.0
328,85,4.0
988,214,4.0
535,115,4.0
580,437,5.0
910,314,4.0
447,293,5.0
373,49,4.0
362,67,4.0
93,275,4.0
321,129,5.0
324,29,4.0
384,343,5.0
575,33,4.0
736,119,4.0
737,180,4.0
881,425,4.0
346,151,4.0
849,133,5.0
103,327,4.0
215,185,4.0
192,134,4.0
672,177,5.0
884,22,4.0
719,241,4.0
781,77,5.0
194,204,5.0
380,4,4.0
403,328,5.0
664,448,4.0
749,165,4.0
600,415,4.0
11,421,5.0
187,128,4.0
726,45,5.0
15,218,4.0
778,235,4.0
297,136,4.0
411,168,4.0
956,481,5.0
585,237,4.0
52,93,4.0
640,5,4.0
28,156,4.0
577,245,4.0
17,360,4.0
351,81,4.0
428,247,5.0
650,343,4.0
831,493,4.0
229,137,4.0
766,386,4.0
989,63,4.0
210,480,4.0
431,307,4.0
294,116,5.0
743,113,4.0
753,31,4.0
582,7,4.0
104,414,4.0
204,442,4.0
53,3,4.0
974,307,5.0
940,243,5.0
375,56,5.0
842,73,4.0
54,10,5.0
276,61,4.0
335,494,4.0
31,50,4.0
135,122,4.0
58,175,4.0
105,474,4.0
266,1,4.0
522,478,5.0
496,441,4.0
253,38,4.0
295,190,4.0
668,79,4.0
158,345,4.0
549,454,4.0
631,338,4.0
67,449,5.0
754,190,4.0
299,184,4.0
463,67,4.0
725,17,4.0
820,383,4.0
101,368,5.0
56,392,4.0
332,316,4.0
836,497,4.0
751,296,4.0
393,209,4.0
743,345,4.0
874,446,4.0
381,41,4.0
92,396,4.0
791,477,4.0
447,473,5.0
109,115,4.0
317,100,4.0
168,373,4.0
812,438,5.0
982,345,4.0
920,349,5.0
435,139,4.0
442,316,4.0
218,324,5.0
222,334,4.0
673,302,4.0
528,294,4.0
278,445,4.0
569,17,4.0
574,322,5.0
875,456,4.0
466,292,4.0
839,74,4.0
754,263,5.0
602,484,4.0
584,16,4.0
838,14,4.0
30,336,5.0
359,281,4.0
919,361,5.0
288,4,4.0
86,413,4.0
234,127,4.0
747,312,4.0
313,6,4.0
365,129,4.0
777,423,4.0
799,385,4.0
839,371,4.0
905,232,5.0
269,447,4.0
698,313,4.0
131,195,4.0
803,65,4.0
993,321,4.0
789,103,4.0
832,277,4.0
351,493,4.0
180,158,5.0
802,224,4.0
480,289,4.0
889,432,5.0
163,278,5.0
783,478,4.0
888,182,4.0
96,366,4.0
774,4,4.0
510,215,4.0
365,439,5.0
981,428,4.0
353,217,4.0
800,396,4.0
436,209,4.0
83,463,4.0
225,74,4.0
412,227,5.0
735,375,4.0
981,500,5.0
118,436,4.0
482,93,4.0
192,460,4.0
591,65,5.0
590,321,5.0
659,10,4.0
107,402,5.0
382,303,4.0
783,322,4.0
390,305,4.0
244,456,4.0
585,278,4.0
869,86,4.0
468,26,4.0
866,218,4.0
934,393,4.0
538,405,4.0
210,95,5.0
604,244,4.0
637,447,4.0
947,107,4.0
73,390,4.0
992,248,4.0
635,14,4.0
309,161,4.0
696,71,4.0
699,152,4.0
710,457,4.0
590,75,4.0
860,376,4.0
186,215,4.0
856,368,4.0
253,51,4.0
13,386,4.0
299,143,4.0
76,419,4.0
51,36,4.0
787,500,4.0
149,374,4.0
731,476,4.0
122,167,5.0
211,236,4.0
280,260,4.0
538,192,4.0
685,202,4.0
156,262,4.0
238,185,5.0
376,158,4.0
82,246,4.0
492,110,4.0
356,99,4.0
925,241,4.0
273,491,4.0
580,202,4.0
44,122,4.0
573,117,5.0
123,96,4.0
349,234,4.0
708,490,4.0
330,67,4.0
409,376,4.0
991,218,4.0
323,15,4.0
111,273,4.0
770,219,4.0
89,274,4.0
433,371,4.0
710,147,4.0
794,332,4.0
712,344,4.0
99,453,4.0
539,152,4.0
601,347,4.0
146,304,4.0
694,414,4.0
257,15,4.0
189,431,5.0
240,379,4.0
871,486,4.0
899,383,4.0
503,428,4.0
708,354,4.0
809,411,5.0
677,84,5.0
819,192,5.0
271,41,4.0
520,352,5.0
550,324,4.0
114,261,5.0
339,309,4.0
568,378,4.0
943,136,4.0
986,278,4.0
359,106,5.0
650,7,4.0
614,406,4.0
334,302,4.0
689,30,4.0
169,126,4.0
339,357,5.0
798,400,4.0
261,79,4.0
887,389,4.0
735,67,4.0
199,23,4.0
211,189,4.0
287,74,5.0
692,5,4.0
762,407,4.0
743,463,5.0
472,82,4.0
482,25,4.0
23,264,4.0
560,479,4.0
109,405,4.0
296,2,4.0
6,278,5.0
550,328,4.0
681,343,4.0
868,224,4.0
795,72,4.0
203,68,5.0
325,320,4.0
825,94,4.0
785,19,4.0
244,128,4.0
327,343,4.0
987,82,5.0
47,254,4.0
761,437,4.0
591,221,4.0
622,343,4.0
13,97,4.0
907,52,4.0
380,175,5.0
365,338,4.0
602,182,5.0
342,428,4.0
860,353,4.0
792,391,4.0
221,115,5.0
73,348,4.0
746,1,4.0
772,63,4.0
625,248,4.0
46,231,4.0
504,226,4.0
274,423,4.0
555,19,4.0
208,31,4.0
929,333,4.0
861,121,4.0
615,24,4.0
124,325,5.0
10,471,4.0
329,211,5.0
187,449,5.0
543,161,5.0
668,255,4.0
60,59,4.0
761,114,4.0
899,417,5.0
886,160,4.0
951,443,4.0
782,220,4.0
442,357,4.0
217,169,5.0
911,12,4.0
2,457,4.0
536,242,4.0
718,375,4.0
832,139,5.0
711,97,5.0
356,147,4.0
626,182,4.0
792,57,4.0
667,42,4.0
165,354,4.0
998,199,5.0
734,31,4.0
91,180,5.0
167,2,5.0
959,467,4.0
207,422,4.0
282,288,4.0
65,138,4.0
888,105,4.0
516,392,4.0
157,218,4.0
761,222,4.0
769,331,4.0
747,105,5.0
306,404,5.0
878,404,5.0
982,127,4.0
395,265,4.0
74,200,4.0
187,252,4.0
574,15,4.0
337,226,5.0
676,472,4.0
568,353,4.0
623,105,4.0
730,233,4.0
240,493,4.0
533,319,4.0
141,488,4.0
265,219,4.0
139,277,4.0
459,261,5.0
70,381,4.0
385,419,4.0
630,341,4.0
198,452,4.0
205,369,4.0
726,432,4.0
568,336,4.0
799,479,4.0
982,474,4.0
805,190,4.0
687,372,4.0
859,419,4.0
882,198,5.0
974,353,4.0
640,277,4.0
431,336,4.0
890,495,5.0
325,39,4.0
442,162,4.0
804,490,4.0
288,121,4.0
226,380,4.0
64,399,4.0
967,262,4.0
938,450,4.0
560,216,4.0
714,312,4.0
498,49,4.0
849,92,4.0
926,129,4.0
917,321,5.0
60,28,4.0
397,356,5.0
257,148,4.0
577,432,4.0
239,328,5.0
801,65,4.0
38,218,4.0
25,51,4.0
410,427,4.0
461,305,4.0
571,409,4.0
988,74,4.0
417,460,5.0
357,425,4.0
383,199,4.0
809,192,4.0
158,189,4.0
569,12,4.0
433,239,4.0
48,360,5.0
328,81,5.0
433,453,5.0
431,383,4.0
56,270,5.0
577,290,4.0
268,48,4.0
69,317,4.0
728,209,5.0
902,35,4.0
601,119,5.0
449,65,4.0
793,315,4.0
257,242,4.0
672,498,5.0
490,36,4.0
746,463,4.0
643,252,5.0
49,403,4.0
659,243,4.0
316,42,4.0
413,69,4.0
434,403,4.0
2,107,4.0
841,39,4.0
952,69,4.0
145,180,4.0
956,12,4.0
366,339,4.0
420,431,4.0
573,204,4.0
785,36,4.0
561,126,4.0
844,63,4.0
444,332,4.0
916,82,4.0
434,497,4.0
643,307,4.0
555,496,4.0
57,299,4.0
562,34,4.0
964,240,4.0
977,97,4.0
178,49,4.0
293,146,4.0
46,125,5.0
170,189,4.0
271,57,5.0
417,349,4.0
848,109,4.0
139,5,4.0
247,473,4.0
148,24,4.0
230,221,4.0
792,448,4.0
637,315,5.0
704,294,4.0
374,417,4.0
80,10,5.0
606,165,4.0
738,481,4.0
65,215,4.0
88,126,4.0
88,267,4.0
713,280,4.0
726,88,4.0
204,455,5.0
913,114,4.0
382,21,4.0
601,148,4.0
476,245,5.0
573,266,4.0
783,217,4.0
606,431,4.0
819,484,4.0
539,240,4.0
214,431,5.0
74,399,4.0
61,428,4.0
698,232,4.0
543,232,5.0
219,242,4.0
12,190,4.0
814,390,4.0
415,229,4.0
32,66,5.0
160,460,4.0
237,378,4.0
739,388,4.0
181,279,5.0
829,269,4.0
558,209,5.0
341,415,5.0
458,16,5.0
80,297,4.0
647,474,4.0
772,220,4.0
987,257,5.0
820,367,5.0
759,268,4.0
473,229,5.0
671,119,4.0
715,440,4.0
112,178,4.0
980,20,4.0
292,450,5.0
950,36,5.0
822,335,4.0
631,422,4.0
383,406,4.0
17,108,4.0
493,189,5.0
331,178,5.0
926,96,4.0
739,315,4.0
873,20,4.0
486,164,4.0
406,382,4.0
117,97,4.0
555,143,5.0
880,62,4.0
115,242,4.0
795,238,4.0
549,131,4.0
814,93,5.0
625,495,4.0
547,91,4.0
644,133,4.0
336,123,4.0
336,440,4.0
981,415,5.0
922,342,4.0
889,419,4.0
740,118,4.0
147,455,4.0
122,198,4.0
81,282,5.0
685,374,4.0
666,1,4.0
662,211,4.0
375,263,4.0
570,420,5.0
63,332,4.0
504,212,4.0
668,87,4.0
449,153,4.0
428,350,4.0
868,187,5.0
427,61,4.0
421,285,5.0
322,95,5.0
913,274,4.0
680,41,5.0
166,147,4.0
597,246,4.0
957,132,4.0
649,449,4.0
461,297,4.0
459,123,5.0
189,143,5.0
464,182,4.0
912,192,5.0
379,456,4.0
2,399,4.0
618,207,4.0
364,434,4.0
72,231,4.0
427,22,5.0
638,402,4.0
170,80,4.0
205,130,4.0
825,292,4.0
337,276,4.0
999,400,4.0
472,323,4.0
195,376,4.0
670,414,4.0
653,55,4.0
275,66,4.0
7,227,4.0
905,26,4.0
979,441,4.0
566,253,5.0
616,197,5.0
854,130,4.0
850,243,4.0
573,312,4.0
599,212,5.0
770,190,4.0
178,290,4.0
242,226,5.0
203,246,5.0
543,56,4.0
801,55,5.0
462,276,4.0
80,306,4.0
523,409,4.0
417,340,4.0
766,153,4.0
384,53,4.0
391,398,4.0
896,444,5.0
799,111,4.0
688,492,5.0
126,427,4.0
494,491,5.0
47,446,4.0
718,487,4.0
476,204,4.0
949,112,4.0
619,325,5.0
464,447,4.0
787,258,4.0
849,438,4.0
123,16,4.0
474,439,4.0
134,350,4.0
619,495,4.0
817,427,5.0
841,445,4.0
562,166,4.0
849,301,4.0
607,382,4.0
780,435,4.0
23,426,4.0
566,280,4.0
886,371,5.0
766,158,4.0
965,421,5.0
235,249,4.0
996,379,4.0
59,181,4.0
164,191,4.0
771,487,4.0
826,139,5.0
216,78,4.0
183,407,4.0
569,373,4.0
657,336,5.0
935,50,5.0
90,85,4.0
964,183,5.0
311,183,4.0
557,4,4.0
972,481,5.0
257,438,5.0
533,317,5.0
979,111,4.0
533,334,4.0
52,339,4.0
338,251,4.0
171,133,4.0
948,100,4.0
67,479,4.0
625,493,4.0
300,402,4.0
672,172,4.0
778,287,5.0
832,119,4.0
232,350,5.0
975,405,4.0
837,175,4.0
68,30,4.0
506,55,4.0
28,361,4.0
949,196,4.0
628,453,4.0
51,41,4.0
693,173,5.0
260,330,4.0
591,219,4.0
785,208,4.0
620,158,4.0
963,333,4.0
586,228,4.0
687,85,4.0
184,173,4.0
23,245,4.0
786,360,4.0
129,173,4.0
291,335,4.0
832,212,4.0
501,84,4.0
186,173,4.0
479,183,4.0
571,443,4.0
492,133,4.0
513,380,4.0
643,288,4.0
67,262,4.0
805,350,4.0
467,282,4.0
285,293,4.0
601,269,4.0
417,349,5.0
100,197,5.0
189,25,4.0
989,141,4.0
890,472,5.0
858,223,4.0
388,20,5.0
241,247,5.0
782,328,4.0
731,444,4.0
417,201,5.0
918,405,4.0
176,115,5.0
387,383,4.0
471,189,4.0
853,468,5.0
233,463,4.0
663,26,4.0
452,54,5.0
277,170,5.0
229,395,4.0
171,421,4.0
735,489,4.0
213,381,4.0
282,11,4.0
41,27,4.0
122,350,4.0
227,83,5.0
294,290,4.0
600,38,4.0
267,445,4.0
541,87,5.0
759,437,5.0
828,321,4.0
451,387,4.0
449,451,5.0
756,156,5.0
61,398,5.0
502,308,4.0
147,286,4.0
686,186,4.0
945,182,4.0
790,453,4.0
334,369,5.0
881,143,4.0
953,422,4.0
891,206,4.0
142,142,4.0
44,185,4.0
144,443,4.0
865,241,4.0
333,8,5.0
998,72,4.0
497,403,4.0
396,288,5.0
55,95,4.0
307,157,4.0
870,41,4.0
423,331,4.0
417,301,5.0
673,269,4.0
797,155,4.0
325,275,4.0
710,154,4.0
671,53,5.0
80,179,4.0
31,421,4.0
985,240,4.0
112,137,5.0
558,255,4.0
865,476,5.0
717,224,4.0
564,180,4.0
650,182,4.0
472,259,4.0
74,243,4.0
553,96,4.0
479,197,4.0
589,392,4.0
387,14,4.0
699,120,5.0
882,387,4.0
564,408,4.0
930,269,5.0
433,171,4.0
412,413,5.0
467,72,5.0
599,179,4.0
621,170,4.0
992,159,4.0
909,447,4.0
737,154,4.0
994,402,4.0
993,82,4.0
248,57,4.0
581,7,4.0
120,112,5.0
67,486,4.0
573,48,4.0
956,80,4.0
327,375,4.0
920,376,4.0
703,316,5.0
470,33,4.0
493,115,5.0
701,384,4.0
663,3,4.0
286,486,4.0
956,4,4.0
914,356,5.0
608,260,5.0
312,42,4.0
309,9,4.0
775,488,4.0
97,307,5.0
965,145,5.0
113,401,4.0
988,97,5.0
637,276,4.0
456,142,5.0
463,278,4.0
948,436,4.0
132,27,4.0
930,43,4.0
965,131,4.0
929,216,4.0
121,94,4.0
197,8,4.0
806,86,5.0
482,345,4.0
634,138,4.0
794,369,4.0
897,413,4.0
772,424,5.0
39,246,4.0
566,449,5.0
512,500,4.0
474,21,4.0
161,487,4.0
289,408,4.0
200,457,4.0
788,444,4.0
528,492,4.0
917,410,4.0
685,265,4.0
503,148,4.0
248,184,4.0
383,227,4.0
218,292,4.0
87,490,4.0
82,36,4.0
62,246,4.0
799,73,4.0
500,150,4.0
42,1,4.0
12,69,4.0
833,457,4.0
746,293,5.0
841,230,4.0
643,211,4.0
115,72,4.0
218,490,5.0
649,363,5.0
106,96,4.0
691,397,4.0
528,84,4.0
472,228,4.0
754,299,4.0
846,236,4.0
893,293,4.0
387,222,4.0
226,458,4.0
481,223,5.0
754,281,4.0
408,221,4.0
457,216,4.0
653,231,4.0
898,405,5.0
711,169,4.0
624,329,4.0
639,426,4.0
21,42,4.0
659,258,4.0
601,196,4.0
815,392,4.0
918,96,4.0
203,317,4.0
417,14,4.0
416,113,4.0
448,77,5.0
512,277,4.0
85,408,4.0
167,434,4.0
384,466,5.0
468,429,4.0
72,448,4.0
810,320,4.0
997,488,4.0
521,410,5.0
793,160,4.0
473,492,4.0
993,313,4.0
258,119,4.0
275,437,5.0
750,161,4.0
20,308,4.0
490,351,4.0
745,146,4.0
490,163,5.0
733,396,4.0
326,179,4.0
529,89,4.0
892,493,4.0
89,223,4.0
486,266,4.0
708,239,4.0
350,308,4.0
84,34,4.0
387,371,4.0
87,451,4.0
307,494,4.0
850,167,4.0
154,392,4.0
440,125,4.0
740,224,4.0
960,491,4.0
264,413,5.0
977,150,4.0
735,468,4.0
421,454,4.0
493,189,4.0
633,43,4.0
993,433,4.0
411,29,5.0
173,362,4.0
4,120,4.0
854,337,4.0
640,31,4.0
986,181,4.0
992,162,5.0
472,128,4.0
110,255,4.0
867,294,4.0
37,441,4.0
992,357,4.0
583,388,4.0
801,254,5.0
31,130,4.0
951,12,4.0
381,35,5.0
268,198,5.0
11,248,4.0
344,110,4.0
840,328,4.0
544,405,4.0
569,245,4.0
166,250,4.0
700,366,4.0
342,317,4.0
482,163,5.0
19,48,5.0
628,399,4.0
980,71,5.0
184,399,4.0
782,493,4.0
545,134,4.0
10,239,4.0
592,465,4.0
192,68,4.0
320,278,4.0
702,32,4.0
580,123,4.0
475,22,4.0
860,155,4.0
637,110,4.0
427,271,4.0
848,380,4.0
59,300,4.0
436,115,4.0
97,470,4.0
496,220,4.0
787,490,4.0
661,230,5.0
278,252,4.0
265,249,4.0
9,9,4.0
457,34,4.0
795,228,4.0
273,73,4.0
940,399,4.0
813,446,4.0
8,301,4.0
208,212,5.0
914,72,5.0
637,58,4.0
123,220,4.0
33,371,4.0
513,275,4.0
204,249,5.0
518,16,4.0
809,75,5.0
951,106,4.0
517,136,4.0
443,417,4.0
592,74,4.0
786,254,4.0
689,18,4.0
850,419,5.0
833,43,4.0
339,50,4.0
438,3,4.0
445,232,4.0
136,219,4.0
387,59,4.0
25,284,5.0
506,302,4.0
325,64,4.0
695,70,5.0
680,303,4.0
979,142,4.0
338,391,4.0
690,202,5.0
885,207,4.0
95,415,5.0
545,221,4.0
623,362,4.0
146,246,5.0
893,81,4.0
953,251,4.0
231,51,5.0
784,285,4.0
848,369,4.0
495,492,4.0
38,399,4.0
425,384,4.0
647,346,5.0
846,204,5.0
747,25,4.0
437,445,4.0
831,41,5.0
368,69,4.0
345,4,4.0
160,492,4.0
550,240,5.0
662,361,5.0
912,441,4.0
820,31,5.0
541,387,5.0
144,117,4.0
588,195,4.0
657,90,4.0
741,178,4.0
576,145,4.0
859,444,4.0
345,202,4.0
269,322,4.0
840,344,5.0
696,203,4.0
773,24,4.0
268,355,4.0
169,471,4.0
771,416,4.0
739,471,4.0
33,482,4.0
377,105,4.0
214,275,4.0
562,322,4.0
440,60,4.0
492,371,4.0
393,450,5.0
489,15,4.0
722,85,4.0
946,419,5.0
29,197,4.0
39,235,4.0
859,411,4.0
612,344,4.0
173,263,4.0
17,6,4.0
56,494,4.0
226,381,5.0
558,289,4.0
67,58,4.0
197,433,4.0
654,145,4.0
835,366,4.0
23,42,4.0
999,350,4.0
606,200,4.0
754,424,4.0
237,174,4.0
957,455,4.0
919,454,4.0
923,452,4.0
566,385,5.0
138,335,4.0
473,95,4.0
845,217,4.0
784,111,4.0
553,353,4.0
610,180,4.0
695,163,4.0
640,119,5.0
229,325,5.0
317,389,4.0
598,228,5.0
768,145,4.0
721,437,4.0
727,308,5.0
886,142,4.0
612,122,4.0
561,285,4.0
201,392,4.0
948,226,4.0
258,360,5.0
480,257,4.0
888,285,5.0
178,420,4.0
757,435,4.0
123,165,4.0
342,221,4.0
171,69,5.0
845,309,4.0
648,224,4.0
59,124,4.0
705,436,5.0
465,344,4.0
780,339,4.0
260,12,5.0
373,52,4.0
973,129,4.0
95,135,4.0
125,145,4.0
41,127,5.0
891,226,4.0
254,427,4.0
7,71,4.0
471,273,4.0
728,187,4.0
511,3,4.0
581,285,5.0
69,22,4.0
81,166,4.0
542,310,4.0
585,363,4.0
262,477,5.0
89,498,4.0
915,434,5.0
208,246,4.0
213,234,5.0
834,325,4.0
266,158,4.0
912,151,4.0
293,213,5.0
207,376,4.0
333,218,5.0
77,246,4.0
288,303,4.0
47,405,4.0
622,276,4.0
200,151,4.0
427,196,4.0
210,405,4.0
888,21,4.0
420,257,4.0
154,399,4.0
522,17,4.0
415,51,4.0
353,447,4.0
157,270,5.0
261,315,4.0
77,83,5.0
769,306,5.0
983,124,4.0
488,290,4.0
131,262,4.0
579,365,5.0
455,49,4.0
740,6,4.0
163,117,5.0
15,118,4.0
232,453,4.0
195,263,4.0
861,353,5.0
542,461,4.0
359,435,5.0
850,374,4.0
331,129,4.0
427,397,4.0
497,171,4.0
828,27,4.0
486,199,4.0
808,372,4.0
449,387,4.0
413,314,4.0
330,345,4.0
732,97,5.0
889,488,4.0
991,17,4.0
147,173,5.0
259,462,4.0
292,101,4.0
811,186,4.0
143,184,5.0
993,438,4.0
937,215,4.0
747,251,5.0
627,216,4.0
365,29,5.0
90,102,4.0
720,123,4.0
164,54,4.0
481,283,4.0
84,102,4.0
77,117,4.0
673,104,4.0
517,45,4.0
485,114,4.0
590,343,5.0
603,31,4.0
599,164,4.0
782,465,5.0
104,189,4.0
452,293,4.0
487,195,5.0
339,292,5.0
687,375,4.0
566,261,4.0
900,430,5.0
478,207,5.0
723,52,4.0
607,49,4.0
223,6,4.0
9,379,4.0
53,394,4.0
77,374,5.0
718,224,4.0
503,23,4.0
316,496,4.0
814,145,4.0
822,110,4.0
842,212,4.0
624,300,4.0
863,41,4.0
165,399,4.0
279,172,4.0
27,494,4.0
70,186,4.0
218,214,5.0
962,306,4.0
365,52,4.0
701,70,4.0
845,196,4.0
947,447,5.0
306,442,4.0
124,151,4.0
19,428,5.0
257,109,4.0
296,467,4.0
928,118,4.0
22,365,4.0
880,95,5.0
989,256,4.0
450,44,4.0
552,436,4.0
550,67,4.0
48,156,4.0
695,323,4.0
587,206,4.0
721,274,4.0
183,155,4.0
435,179,4.0
107,60,4.0
188,74,4.0
776,49,4.0
86,271,4.0
836,467,4.0
843,73,4.0
456,196,4.0
137,399,5.0
858,179,4.0
898,48,4.0
336,72,4.0
607,113,5.0
838,245,4.0
757,385,4.0
469,391,4.0
602,309,4.0
571,159,5.0
403,274,5.0
540,268,4.0
72,304,4.0
782,30,4.0
24,97,4.0
624,251,4.0
812,495,4.0
485,7,4.0
56,92,4.0
986,113,4.0
223,259,4.0
632,107,4.0
179,63,4.0
800,390,4.0
434,479,4.0
937,358,4.0
450,271,4.0
793,199,4.0
884,427,4.0
492,478,5.0
189,347,4.0
578,337,4.0
810,146,4.0
961,406,4.0
420,61,4.0
249,120,4.0
588,61,4.0
649,309,4.0
164,26,4.0
745,115,5.0
255,475,5.0
476,40,4.0
806,344,4.0
417,116,5.0
170,136,5.0
317,277,4.0
174,477,4.0
470,299,5.0
345,21,4.0
445,387,4.0
18,31,4.0
70,247,5.0
338,411,5.0
628,494,4.0
592,27,4.0
527,73,4.0
688,441,4.0
456,97,4.0
269,161,4.0
631,346,5.0
811,476,4.0
188,300,4.0
569,299,5.0
711,287,4.0
529,373,5.0
434,449,4.0
288,212,5.0
918,76,4.0
567,401,4.0
499,143,5.0
441,34,5.0
781,498,4.0
303,336,4.0
87,4,5.0
830,328,5.0
438,98,4.0
541,366,4.0
22,217,4.0
833,463,4.0
797,28,4.0
560,201,4.0
517,386,4.0
762,273,5.0
675,314,4.0
503,127,4.0
714,202,5.0
467,9,5.0
101,287,4.0
583,450,4.0
942,88,4.0
675,318,5.0
685,19,4.0
141,81,4.0
138,107,5.0
578,497,4.0
710,458,4.0
840,498,4.0
228,311,4.0
281,412,4.0
684,230,4.0
828,112,4.0
431,220,4.0
40,123,4.0
519,498,4.0
686,244,4.0
663,178,4.0
211,65,4.0
302,380,4.0
86,3,5.0
397,207,4.0
253,436,5.0
533,394,5.0
769,21,5.0
891,293,5.0
915,15,5.0
381,343,4.0
444,206,4.0
33,463,5.0
260,202,4.0
234,120,4.0
515,137,4.0
859,300,4.0
308,295,5.0
739,389,5.0
796,25,4.0
70,312,5.0
454,234,4.0
439,121,5.0
825,90,4.0
364,320,5.0
983,200,4.0
766,470,4.0
481,180,5.0
144,345,4.0
24,368,4.0
965,76,4.0
425,137,4.0
746,138,4.0
845,496,4.0
175,10,4.0
844,201,4.0
325,318,4.0
869,346,5.0
671,483,4.0
860,219,4.0
348,60,4.0
798,479,4.0
18,147,4.0
44,107,4.0
155,38,4.0
867,134,4.0
922,399,4.0
377,221,4.0
743,303,4.0
883,429,4.0
828,133,4.0
402,334,5.0
225,53,4.0
217,450,4.0
568,62,5.0
31,23,4.0
869,44,4.0
59,308,5.0
892,46,4.0
898,147,4.0
353,216,5.0
935,340,4.0
445,47,4.0
235,347,4.0
107,308,4.0
191,24,4.0
992,145,4.0
530,89,4.0
913,174,4.0
738,64,4.0
679,119,5.0
583,223,4.0
874,156,4.0
566,178,5.0
245,320,4.0
995,412,5.0
862,342,4.0
76,56,4.0
547,59,4.0
267,389,4.0
317,438,4.0
812,428,4.0
121,426,5.0
836,456,4.0
25,381,5.0
432,486,4.0
160,220,4.0
596,185,4.0
114,47,4.0
735,460,5.0
900,377,4.0
502,409,4.0
166,102,4.0
703,44,4.0
175,15,5.0
1,236,5.0
899,361,5.0
741,51,4.0
86,309,4.0
574,34,5.0
320,124,5.0
401,493,4.0
382,77,4.0
718,392,4.0
617,123,4.0
318,205,4.0
803,228,4.0
250,70,4.0
525,230,4.0
675,480,4.0
555,21,4.0
898,108,4.0
952,364,4.0
623,241,4.0
717,251,4.0
896,135,4.0
256,90,4.0
307,79,5.0
950,440,4.0
144,177,4.0
658,298,4.0
391,407,4.0
813,308,4.0
676,102,4.0
169,361,4.0
990,335,4.0
298,112,4.0
233,181,4.0
903,104,4.0
271,16,4.0
60,96,4.0
296,293,5.0
467,146,4.0
235,404,5.0
677,302,4.0
706,2,4.0
234,119,4.0
368,343,4.0
695,94,4.0
845,191,4.0
232,3,4.0
873,430,4.0
491,487,4.0
619,111,4.0
503,177,4.0
890,257,4.0
735,361,4.0
592,22,4.0
746,477,4.0
381,398,4.0
696,496,4.0
428,220,4.0
697,469,4.0
646,173,4.0
732,224,4.0
800,390,4.0
364,65,4.0
202,277,5.0
882,249,4.0
146,260,4.0
836,131,5.0
639,113,4.0
457,286,4.0
135,287,4.0
626,418,5.0
264,211,4.0
64,20,4.0
491,215,4.0
647,310,4.0
41,251,4.0
296,488,5.0
3,382,4.0
913,409,4.0
706,271,4.0
975,422,5.0
110,407,5.0
221,180,4.0
370,194,4.0
368,441,4.0
436,313,4.0
918,79,4.0
4,180,4.0
244,492,5.0
902,163,5.0
166,202,4.0
26,14,4.0
395,347,4.0
474,246,5.0
17,14,4.0
728,99,4.0
92,33,4.0
483,436,4.0
543,257,5.0
205,34,5.0
502,19,4.0
931,152,5.0
400,490,4.0
207,260,4.0
619,164,4.0
146,77,4.0
879,314,4.0
101,416,4.0
880,137,4.0
830,359,5.0
880,208,4.0
241,242,4.0
923,67,4.0
759,116,4.0
163,404,5.0
884,202,5.0
173,376,4.0
502,250,4.0
547,446,4.0
284,442,5.0
359,278,5.0
381,112,4.0
870,451,5.0
905,331,5.0
972,473,4.0
911,234,4.0
533,176,4.0
820,392,4.0
163,457,4.0
609,143,4.0
307,32,5.0
339,181,4.0
55,67,4.0
983,4,4.0
333,286,5.0
127,269,4.0
940,236,4.0
705,277,4.0
243,41,4.0
861,121,4.0
600,494,5.0
848,275,4.0
409,231,5.0
503,304,4.0
727,86,5.0
604,63,4.0
303,404,5.0
464,192,4.0
235,293,4.0
696,31,4.0
38,330,4.0
139,146,5.0
195,107,4.0
527,359,4.0
769,110,5.0
647,276,4.0
1,210,5.0
561,139,4.0
96,86,4.0
713,44,4.0
413,82,4.0
538,64,4.0
855,378,5.0
429,418,4.0
235,343,5.0
349,321,4.0
756,55,4.0
870,74,5.0
481,373,4.0
839,129,4.0
396,256,5.0
351,422,5.0
416,231,5.0
886,497,4.0
916,137,4.0
887,351,4.0
51,455,4.0
81,401,4.0
36,355,4.0
67,112,5.0
641,485,4.0
882,308,5.0
667,146,5.0
757,447,4.0
623,33,4.0
680,260,4.0
481,87,4.0
468,331,5.0
142,436,4.0
356,265,5.0
709,320,5.0
471,30,4.0
621,392,5.0
888,232,4.0
591,389,4.0
902,76,4.0
673,447,4.0
439,129,4.0
531,271,4.0
127,89,4.0
205,466,4.0
29,422,4.0
445,170,4.0
966,128,4.0
719,174,4.0
464,437,4.0
280,26,4.0
151,61,4.0
240,488,5.0
266,379,4.0
694,67,5.0
105,438,4.0
937,406,4.0
433,26,4.0
913,83,4.0
497,492,4.0
440,364,4.0
748,367,4.0
685,60,4.0
158,39,4.0
172,123,4.0
494,292,4.0
970,277,4.0
311,425,4.0
403,374,5.0
669,304,5.0
770,282,4.0
676,191,4.0
659,461,4.0
903,292,4.0
666,152,5.0
463,384,4.0
367,233,4.0
550,474,5.0
643,405,4.0
870,146,4.0
255,271,4.0
208,335,4.0
450,134,5.0
95,171,5.0
860,415,4.0
839,28,4.0
478,136,4.0
683,413,5.0
762,405,4.0
190,465,4.0
711,376,4.0
484,241,4.0
733,344,4.0
536,442,4.0
756,444,4.0
423,434,4.0
836,228,4.0
640,287,4.0
605,303,4.0
812,34,4.0
133,2,4.0
55,362,5.0
989,195,5.0
510,94,4.0
670,328,4.0
541,308,4.0
410,135,4.0
211,204,5.0
666,250,4.0
293,147,4.0
987,346,4.0
734,348,4.0
115,254,4.0
949,399,4.0
670,334,4.0
259,176,5.0
763,125,4.0
122,251,4.0
299,398,4.0
775,131,4.0
381,50,4.0
561,93,4.0
889,380,4.0
841,310,4.0
501,390,5.0
297,433,5.0
362,407,4.0
589,220,4.0
463,334,4.0
438,334,4.0
127,20,4.0
197,205,4.0
221,91,4.0
995,444,5.0
91,355,4.0
411,173,5.0
8,189,4.0
544,312,5.0
468,2,5.0
320,361,4.0
394,429,4.0
269,168,4.0
191,368,5.0
861,24,4.0
675,413,4.0
61,451,4.0
438,365,4.0
264,68,4.0
797,370,4.0
95,194,4.0
553,84,5.0
926,438,5.0
470,437,4.0
661,207,5.0
716,49,4.0
779,32,4.0
514,317,4.0
690,170,4.0
937,129,4.0
194,447,4.0
482,102,4.0
899,35,5.0
336,307,4.0
435,199,5.0
196,301,5.0
855,77,5.0
249,369,5.0
498,321,4.0
212,14,4.0
665,349,4.0
670,131,4.0
466,238,4.0
874,280,5.0
651,65,5.0
221,432,4.0
273,138,5.0
154,269,4.0
249,228,4.0
279,201,4.0
440,142,4.0
948,100,4.0
816,138,4.0
276,168,4.0
514,407,4.0
88,99,4.0
799,311,4.0
923,319,4.0
642,327,4.0
505,426,4.0
590,355,4.0
772,66,4.0
241,335,4.0
653,329,4.0
740,47,4.0
675,337,4.0
236,382,5.0
128,231,5.0
503,308,4.0
200,146,4.0
962,207,4.0
902,146,4.0
543,152,4.0
502,279,4.0
650,140,4.0
492,151,4.0
21,21,5.0
234,254,4.0
714,64,4.0
791,218,4.0
643,72,4.0
416,478,5.0
148,162,4.0
970,130,4.0
29,69,4.0
361,415,4.0
308,225,4.0
883,246,4.0
942,68,5.0
162,454,4.0
869,471,4.0
852,493,4.0
61,403,5.0
125,384,4.0
456,107,5.0
71,109,5.0
838,328,4.0
907,103,4.0
876,141,5.0
466,65,4.0
243,134,4.0
490,199,4.0
761,368,5.0
221,155,4.0
473,79,5.0
959,436,5.0
533,382,4.0
494,482,4.0
899,250,4.0
82,377,4.0
856,87,4.0
879,304,4.0
998,241,4.0
522,88,4.0
923,463,4.0
12,483,4.0
263,324,5.0
657,172,4.0
449,357,4.0
192,17,4.0
762,223,5.0
114,294,5.0
26,394,4.0
783,310,4.0
499,498,4.0
508,219,4.0
545,234,4.0
62,390,4.0
229,248,4.0
815,390,4.0
607,52,4.0
35,15,4.0
705,324,5.0
456,441,5.0
588,112,4.0
891,184,4.0
502,360,5.0
761,7,4.0
595,51,4.0
25,314,4.0
569,241,5.0
32,245,4.0
831,448,4.0
12,365,5.0
319,367,4.0
845,410,4.0
604,186,4.0
1,287,4.0
435,450,4.0
838,92,4.0
136,106,4.0
196,13,5.0
133,146,4.0
985,478,4.0
86,119,4.0
476,203,4.0
807,141,4.0
791,115,4.0
324,152,4.0
180,57,4.0
516,382,4.0
638,157,4.0
175,440,4.0
763,310,4.0
21,133,4.0
997,163,5.0
952,275,4.0
105,183,4.0
578,77,4.0
443,325,5.0
775,44,4.0
49,206,5.0
528,38,5.0
145,318,4.0
340,22,4.0
762,73,4.0
855,241,4.0
354,424,5.0
75,154,4.0
802,237,4.0
929,381,4.0
794,5,4.0
578,221,4.0
637,310,5.0
319,86,4.0
87,177,5.0
553,259,5.0
982,220,4.0
698,38,5.0
866,142,4.0
892,431,4.0
847,398,4.0
778,235,5.0
783,203,4.0
42,329,4.0
93,294,4.0
697,448,4.0
727,495,5.0
507,172,4.0
529,125,4.0
956,326,4.0
265,65,4.0
626,281,4.0
292,272,4.0
969,244,4.0
464,15,4.0
804,226,4.0
560,465,4.0
819,131,5.0
97,195,4.0
887,293,5.0
95,209,4.0
326,439,4.0
74,381,4.0
336,113,4.0
68,244,4.0
758,166,5.0
918,191,4.0
77,257,4.0
208,327,4.0
884,218,5.0
766,495,4.0
221,359,4.0
262,275,4.0
410,52,4.0
331,374,5.0
344,158,4.0
989,363,5.0
771,55,4.0
820,14,4.0
74,269,5.0
637,340,5.0
700,90,5.0
254,27,4.0
959,89,4.0
833,393,4.0
820,41,5.0
747,304,4.0
986,268,4.0
762,138,4.0
332,6,4.0
398,242,4.0
345,162,4.0
584,180,4.0
747,297,4.0
836,467,4.0
668,6,4.0
455,386,5.0
906,271,4.0
115,401,4.0
313,272,5.0
228,156,4.0
834,85,4.0
858,200,4.0
245,10,5.0
818,138,4.0
526,242,4.0
528,394,4.0
950,201,4.0
427,156,4.0
42,408,4.0
465,275,5.0
622,225,5.0
278,68,5.0
836,184,4.0
19,195,4.0
66,42,4.0
167,396,4.0
585,402,4.0
403,151,4.0
912,84,4.0
822,134,4.0
409,309,4.0
112,354,4.0
274,298,5.0
407,450,4.0
373,30,4.0
597,9,5.0
651,475,4.0
39,170,5.0
105,290,4.0
324,168,4.0
793,344,4.0
959,497,4.0
992,145,4.0
414,413,4.0
429,228,4.0
635,306,5.0
730,76,4.0
889,223,4.0
61,177,4.0
612,457,5.0
307,189,4.0
354,467,4.0
393,302,4.0
204,46,4.0
258,382,4.0
486,17,4.0
517,66,4.0
446,360,4.0
709,261,4.0
180,123,4.0
342,231,4.0
133,438,4.0
443,125,4.0
836,112,5.0
253,272,4.0
265,81,4.0
93,246,5.0
662,347,4.0
411,391,4.0
138,500,4.0
208,392,4.0
637,328,5.0
746,215,4.0
573,352,4.0
307,235,5.0
266,367,4.0
646,82,5.0
318,294,4.0
113,310,5.0
901,76,5.0
378,15,5.0
454,220,5.0
191,230,4.0
891,434,4.0
440,440,4.0
187,479,5.0
831,372,4.0
367,265,4.0
89,264,4.0
187,110,5.0
819,403,4.0
946,307,4.0
132,200,4.0
872,226,4.0
635,185,4.0
560,452,4.0
800,31,5.0
376,102,5.0
691,259,5.0
692,99,4.0
99,339,4.0
842,299,4.0
34,285,4.0
932,266,4.0
582,140,5.0
171,302,4.0
366,286,4.0
784,350,4.0
59,466,4.0
181,216,4.0
19,32,4.0
226,457,4.0
473,303,4.0
95,88,5.0
881,63,4.0
297,410,4.0
593,387,5.0
175,279,4.0
222,459,4.0
615,74,4.0
54,306,5.0
695,420,4.0
863,124,4.0
403,269,4.0
318,382,4.0
867,285,5.0
349,422,5.0
443,461,4.0
833,121,4.0
580,346,4.0
540,212,4.0
786,389,4.0
282,148,4.0
360,78,4.0
915,365,4.0
823,14,5.0
631,136,5.0
892,304,4.0
953,397,4.0
646,280,5.0
641,79,4.0
8,243,4.0
993,193,5.0
563,470,5.0
491,418,4.0
341,242,4.0
472,51,4.0
793,232,4.0
687,259,4.0
695,384,4.0
704,375,5.0
249,218,4.0
235,206,4.0
83,314,4.0
93,489,4.0
885,381,4.0
394,456,4.0
824,369,4.0
268,311,4.0
417,375,4.0
632,120,4.0
583,80,4.0
529,42,4.0
253,21,4.0
957,10,4.0
122,313,4.0
892,153,4.0
10,312,4.0
799,294,5.0
316,86,4.0
838,113,4.0
273,189,4.0
306,112,4.0
805,175,5.0
210,310,4.0
958,302,5.0
730,452,4.0
753,4,4.0
886,222,5.0
464,450,4.0
712,221,4.0
728,171,5.0
717,318,4.0
925,484,4.0
416,213,4.0
216,253,4.0
80,124,4.0
779,128,4.0
480,213,5.0
902,112,4.0
891,85,5.0
547,4,4.0
801,65,4.0
18,318,4.0
165,346,4.0
525,120,4.0
202,243,4.0
741,386,5.0
346,137,4.0
366,247,4.0
977,441,4.0
448,45,4.0
513,146,5.0
319,368,4.0
217,176,4.0
34,42,4.0
871,297,5.0
266,459,5.0
640,89,5.0
724,218,4.0
775,442,4.0
824,228,4.0
80,298,5.0
677,291,5.0
413,422,4.0
252,67,4.0
12,251,4.0
401,41,4.0
816,99,5.0
724,306,4.0
282,360,5.0
112,342,4.0
723,456,4.0
378,79,4.0
751,301,4.0
268,199,4.0
917,147,4.0
298,488,4.0
317,106,4.0
570,401,5.0
509,193,5.0
950,493,4.0
546,477,4.0
775,122,4.0
365,77,4.0
547,312,4.0
271,112,4.0
961,349,5.0
474,297,4.0
739,170,5.0
537,6,4.0
234,197,4.0
59,98,4.0
251,459,5.0
847,329,5.0
86,230,4.0
763,168,4.0
390,297,4.0
180,265,4.0
719,8,4.0
856,172,5.0
149,442,4.0
583,360,4.0
121,195,4.0
765,269,5.0
605,19,5.0
256,354,4.0
766,352,4.0
864,49,4.0
800,464,4.0
309,356,4.0
59,338,4.0
69,462,5.0
446,158,5.0
388,66,5.0
86,461,4.0
786,347,4.0
227,59,5.0
593,309,4.0
626,308,4.0
184,337,5.0
792,159,4.0
322,271,5.0
909,121,5.0
318,254,5.0
566,404,4.0
399,261,4.0
709,135,4.0
899,274,5.0
293,56,4.0
293,331,4.0
485,96,4.0
899,114,4.0
447,475,4.0
803,474,4.0
692,357,4.0
983,429,5.0
892,28,4.0
412,306,4.0
508,2,4.0
734,212,5.0
786,68,4.0
890,128,4.0
244,333,4.0
420,24,4.0
929,253,4.0
960,368,4.0
154,230,5.0
816,488,4.0
424,176,4.0
273,429,4.0
936,375,4.0
647,221,4.0
825,442,4.0
520,36,5.0
128,2,5.0
373,383,4.0
568,361,4.0
638,274,4.0
159,177,4.0
571,264,4.0
570,186,4.0
652,15,4.0
176,489,4.0
927,401,4.0
620,279,4.0
211,194,4.0
447,198,4.0
586,349,4.0
167,411,4.0
460,421,4.0
916,305,4.0
357,64,4.0
304,290,4.0
233,18,4.0
327,64,4.0
884,362,4.0
182,330,4.0
634,358,4.0
334,251,4.0
715,428,4.0
967,17,4.0
29,443,4.0
714,141,4.0
93,308,5.0
841,444,4.0
868,496,4.0
688,426,5.0
330,475,4.0
723,320,5.0
184,245,4.0
95,450,4.0
785,290,4.0
649,351,4.0
749,87,4.0
353,199,4.0
930,358,4.0
941,448,4.0
984,161,4.0
265,140,4.0
647,493,4.0
656,76,4.0
19,19,4.0
743,393,4.0
646,330,4.0
626,401,5.0
499,50,4.0
139,232,4.0
637,295,4.0
716,425,4.0
573,394,4.0
762,12,4.0
810,335,4.0
525,479,4.0
908,15,5.0
255,28,4.0
85,388,4.0
458,292,4.0
532,375,4.0
562,321,5.0
676,250,4.0
92,492,4.0
600,98,4.0
69,303,5.0
37,337,4.0
765,39,4.0
764,38,4.0
140,300,5.0
867,179,4.0
893,97,4.0
680,380,4.0
566,469,4.0
898,282,4.0
178,238,4.0
809,164,4.0
813,453,4.0
871,97,4.0
618,257,4.0
137,309,4.0
190,262,4.0
640,293,5.0
342,258,4.0
559,249,4.0
5,245,5.0
972,251,4.0
257,123,4.0
812,325,4.0
662,474,4.0
806,169,4.0
243,435,4.0
787,175,4.0
720,269,4.0
415,204,4.0
627,325,4.0
707,66,4.0
343,315,4.0
682,324,4.0
379,59,4.0
594,219,4.0
666,498,4.0
653,373,4.0
826,266,5.0
146,141,4.0
323,236,4.0
122,386,4.0
252,218,4.0
855,15,4.0
899,302,4.0
311,441,4.0
601,138,4.0
475,406,4.0
570,232,4.0
492,89,4.0
575,463,4.0
347,77,4.0
820,136,4.0
487,405,5.0
473,469,4.0
382,406,4.0
280,110,4.0
72,353,4.0
521,301,4.0
366,91,5.0
933,424,4.0
94,370,4.0
373,406,4.0
339,414,4.0
437,190,5.0
336,73,4.0
664,173,4.0
492,35,4.0
917,210,4.0
868,298,4.0
40,133,5.0
359,283,5.0
574,198,4.0
254,446,4.0
966,32,4.0
581,136,4.0
398,248,4.0
757,359,4.0
877,341,4.0
170,146,4.0
690,334,4.0
701,143,4.0
511,234,5.0
260,410,4.0
584,437,4.0
984,44,5.0
459,32,4.0
529,231,5.0
882,28,4.0
341,423,4.0
57,491,4.0
218,160,5.0
619,333,4.0
816,207,4.0
940,18,4.0
685,103,4.0
731,70,4.0
464,119,4.0
247,139,4.0
730,160,4.0
373,232,5.0
417,148,4.0
31,353,4.0
368,424,4.0
559,392,5.0
646,243,4.0
108,35,4.0
584,325,5.0
839,382,4.0
418,355,4.0
620,239,4.0
821,334,4.0
398,149,4.0
272,111,4.0
683,408,4.0
116,17,4.0
841,402,4.0
586,226,5.0
256,140,4.0
81,144,5.0
780,260,5.0
128,217,5.0
838,162,4.0
915,92,4.0
235,174,4.0
553,331,4.0
181,205,4.0
157,415,4.0
454,153,4.0
571,103,4.0
857,202,5.0
761,280,4.0
704,65,4.0
24,117,4.0
473,153,5.0
400,156,4.0
948,164,4.0
592,82,4.0
134,6,4.0
421,322,4.0
213,67,4.0
900,238,4.0
482,72,5.0
348,95,5.0
166,304,4.0
937,467,4.0
348,498,4.0
849,326,4.0
398,78,4.0
583,67,4.0
726,176,5.0
435,321,5.0
577,172,5.0
221,478,4.0
308,255,4.0
991,63,4.0
798,302,4.0
697,403,4.0
719,246,4.0
466,192,5.0
99,467,4.0
242,329,4.0
158,71,4.0
610,366,4.0
554,229,4.0
651,434,4.0
795,63,4.0
920,297,4.0
227,245,5.0
423,7,4.0
72,393,5.0
243,260,5.0
530,89,4.0
589,177,4.0
45,204,4.0
472,134,5.0
371,82,4.0
855,488,4.0
652,21,4.0
689,399,4.0
734,128,4.0
927,195,5.0
92,194,4.0
22,184,4.0
172,247,5.0
604,361,4.0
192,360,5.0
77,324,5.0
281,160,4.0
364,194,4.0
179,110,4.0
238,413,4.0
135,66,4.0
877,418,5.0
902,254,4.0
280,283,5.0
19,60,4.0
595,118,4.0
740,423,4.0
371,44,5.0
777,486,4.0
112,210,4.0
763,36,5.0
676,19,4.0
870,91,4.0
680,301,4.0
221,212,5.0
920,405,4.0
304,407,4.0
703,222,4.0
325,217,4.0
437,223,4.0
438,411,4.0
170,98,4.0
375,456,4.0
557,19,5.0
381,297,4.0
986,26,5.0
14,28,5.0
743,64,4.0
669,324,4.0
500,223,4.0
646,80,4.0
391,51,5.0
549,458,4.0
565,102,5.0
530,176,4.0
983,10,5.0
492,237,4.0
550,457,5.0
699,423,5.0
385,100,4.0
196,499,4.0
755,378,4.0
300,228,4.0
815,403,4.0
547,64,4.0
727,380,4.0
731,19,4.0
828,332,4.0
602,318,4.0
308,141,4.0
252,25,4.0
8,228,4.0
768,89,4.0
875,92,4.0
208,42,4.0
937,373,4.0
131,295,5.0
736,414,4.0
709,389,4.0
980,81,4.0
654,402,4.0
764,107,4.0
608,111,4.0
26,277,4.0
623,214,4.0
454,231,4.0
635,306,4.0
186,121,4.0
484,134,4.0
680,306,4.0
51,208,4.0
891,450,4.0
5,371,4.0
589,257,4.0
160,185,4.0
208,286,5.0
257,442,4.0
205,363,4.0
767,180,4.0
950,421,5.0
11,48,4.0
949,87,4.0
8,385,4.0
